Segment,Stops,Origin,Destination,Google Maps driving link,OSRM road miles,OSRM drive minutes,OSRM route URL
1,1-10,"37.5072,-122.2605","37.5646974,-122.3219748",https://www.google.com/maps/dir/?api=1&origin=37.5072%2C-122.2605&destination=37.5646974%2C-122.3219748&waypoints=37.5144279%2C-122.2691135%7C37.518053%2C-122.275614%7C37.5628984%2C-122.2502911%7C37.5237877%2C-122.274092%7C37.5284952%2C-122.2859019%7C37.5438614%2C-122.3064653%7C37.5451128%2C-122.3061123%7C37.5532804%2C-122.3050121%7C37.5539739%2C-122.312981&travelmode=driving,18.9,44,"https://router.project-osrm.org/route/v1/driving/-122.2605,37.5072;-122.2691135,37.5144279;-122.275614,37.518053;-122.2502911,37.5628984;-122.274092,37.5237877;-122.2859019,37.5284952;-122.3064653,37.5438614;-122.3061123,37.5451128;-122.3050121,37.5532804;-122.312981,37.5539739;-122.3219748,37.5646974?overview=false&steps=false&continue_straight=false"
2,11-20,"37.5646974,-122.3219748","37.6551075,-122.4091947",https://www.google.com/maps/dir/?api=1&origin=37.5646974%2C-122.3219748&destination=37.6551075%2C-122.4091947&waypoints=37.5659393%2C-122.3234816%7C37.5723178%2C-122.3163165%7C37.5780281%2C-122.3486815%7C37.6002603%2C-122.390826%7C37.6005394%2C-122.3915748%7C37.6009978%2C-122.3909078%7C37.6310442%2C-122.4107516%7C37.655051%2C-122.4107666%7C37.6552002%2C-122.4096955&travelmode=driving,11.7,28,"https://router.project-osrm.org/route/v1/driving/-122.3219748,37.5646974;-122.3234816,37.5659393;-122.3163165,37.5723178;-122.3486815,37.5780281;-122.390826,37.6002603;-122.3915748,37.6005394;-122.3909078,37.6009978;-122.4107516,37.6310442;-122.4107666,37.655051;-122.4096955,37.6552002;-122.4091947,37.6551075?overview=false&steps=false&continue_straight=false"
3,21-30,"37.6551075,-122.4091947","37.7136562,-122.4441007",https://www.google.com/maps/dir/?api=1&origin=37.6551075%2C-122.4091947&destination=37.7136562%2C-122.4441007&waypoints=37.6833547%2C-122.4033116%7C37.6854351%2C-122.4002165%7C37.713618%2C-122.4299824%7C37.7163215%2C-122.4404988%7C37.7160773%2C-122.4407289%7C37.7170081%2C-122.4404279%7C37.7171111%2C-122.4403547%7C37.7172864%2C-122.4401841%7C37.7145798%2C-122.442863&travelmode=driving,8.0,19,"https://router.project-osrm.org/route/v1/driving/-122.4091947,37.6551075;-122.4033116,37.6833547;-122.4002165,37.6854351;-122.4299824,37.713618;-122.4404988,37.7163215;-122.4407289,37.7160773;-122.4404279,37.7170081;-122.4403547,37.7171111;-122.4401841,37.7172864;-122.442863,37.7145798;-122.4441007,37.7136562?overview=false&steps=false&continue_straight=false"
4,31-40,"37.7136562,-122.4441007","37.72434,-122.4574685",https://www.google.com/maps/dir/?api=1&origin=37.7136562%2C-122.4441007&destination=37.72434%2C-122.4574685&waypoints=37.7132683%2C-122.4513388%7C37.712664%2C-122.4520431%7C37.7077001%2C-122.4553949%7C37.7103138%2C-122.467809%7C37.7176073%2C-122.4738585%7C37.7253385%2C-122.4628871%7C37.7249595%2C-122.460229%7C37.7248846%2C-122.4601039%7C37.7243749%2C-122.457672&travelmode=driving,5.6,22,"https://router.project-osrm.org/route/v1/driving/-122.4441007,37.7136562;-122.4513388,37.7132683;-122.4520431,37.712664;-122.4553949,37.7077001;-122.467809,37.7103138;-122.4738585,37.7176073;-122.4628871,37.7253385;-122.460229,37.7249595;-122.4601039,37.7248846;-122.457672,37.7243749;-122.4574685,37.72434?overview=false&steps=false&continue_straight=false"
5,41-50,"37.72434,-122.4574685","37.7337422,-122.4339474",https://www.google.com/maps/dir/?api=1&origin=37.72434%2C-122.4574685&destination=37.7337422%2C-122.4339474&waypoints=37.7241451%2C-122.456606%7C37.7285658%2C-122.4405424%7C37.7248407%2C-122.4345033%7C37.7238039%2C-122.4331839%7C37.7230685%2C-122.4355877%7C37.7228954%2C-122.4357299%7C37.7228625%2C-122.4356598%7C37.7236495%2C-122.4360268%7C37.7221303%2C-122.4369831&travelmode=driving,3.8,13,"https://router.project-osrm.org/route/v1/driving/-122.4574685,37.72434;-122.456606,37.7241451;-122.4405424,37.7285658;-122.4345033,37.7248407;-122.4331839,37.7238039;-122.4355877,37.7230685;-122.4357299,37.7228954;-122.4356598,37.7228625;-122.4360268,37.7236495;-122.4369831,37.7221303;-122.4339474,37.7337422?overview=false&steps=false&continue_straight=false"
6,51-60,"37.7337422,-122.4339474","37.7537035,-122.4194101",https://www.google.com/maps/dir/?api=1&origin=37.7337422%2C-122.4339474&destination=37.7537035%2C-122.4194101&waypoints=37.7344141%2C-122.4336868%7C37.7438558%2C-122.4400485%7C37.7511524%2C-122.4349444%7C37.7514169%2C-122.4304545%7C37.7514343%2C-122.4300466%7C37.7549914%2C-122.4244093%7C37.7552263%2C-122.4206951%7C37.7546061%2C-122.418545%7C37.7537155%2C-122.4192503&travelmode=driving,3.4,13,"https://router.project-osrm.org/route/v1/driving/-122.4339474,37.7337422;-122.4336868,37.7344141;-122.4400485,37.7438558;-122.4349444,37.7511524;-122.4304545,37.7514169;-122.4300466,37.7514343;-122.4244093,37.7549914;-122.4206951,37.7552263;-122.418545,37.7546061;-122.4192503,37.7537155;-122.4194101,37.7537035?overview=false&steps=false&continue_straight=false"
7,61-70,"37.7537035,-122.4194101","37.7528837,-122.4095057",https://www.google.com/maps/dir/?api=1&origin=37.7537035%2C-122.4194101&destination=37.7528837%2C-122.4095057&waypoints=37.7534917%2C-122.4184106%7C37.7524447%2C-122.4166827%7C37.7524827%2C-122.4161477%7C37.7524894%2C-122.415943%7C37.7524149%2C-122.4139425%7C37.7527694%2C-122.4123095%7C37.7526088%2C-122.4107754%7C37.7526227%2C-122.4104911%7C37.7528599%2C-122.4097129&travelmode=driving,0.7,3,"https://router.project-osrm.org/route/v1/driving/-122.4194101,37.7537035;-122.4184106,37.7534917;-122.4166827,37.7524447;-122.4161477,37.7524827;-122.415943,37.7524894;-122.4139425,37.7524149;-122.4123095,37.7527694;-122.4107754,37.7526088;-122.4104911,37.7526227;-122.4097129,37.7528599;-122.4095057,37.7528837?overview=false&steps=false&continue_straight=false"
8,71-80,"37.7528837,-122.4095057","37.7458729,-122.4195471",https://www.google.com/maps/dir/?api=1&origin=37.7528837%2C-122.4095057&destination=37.7458729%2C-122.4195471&waypoints=37.7508668%2C-122.4162912%7C37.7512446%2C-122.4181975%7C37.7515184%2C-122.4182266%7C37.7507774%2C-122.4184591%7C37.7507165%2C-122.4187507%7C37.7499624%2C-122.4180749%7C37.7484001%2C-122.4179396%7C37.747125%2C-122.418745%7C37.7463714%2C-122.4195588&travelmode=driving,1.3,5,"https://router.project-osrm.org/route/v1/driving/-122.4095057,37.7528837;-122.4162912,37.7508668;-122.4181975,37.7512446;-122.4182266,37.7515184;-122.4184591,37.7507774;-122.4187507,37.7507165;-122.4180749,37.7499624;-122.4179396,37.7484001;-122.418745,37.747125;-122.4195588,37.7463714;-122.4195471,37.7458729?overview=false&steps=false&continue_straight=false"
9,81-90,"37.7458729,-122.4195471","37.7590584,-122.4189511",https://www.google.com/maps/dir/?api=1&origin=37.7458729%2C-122.4195471&destination=37.7590584%2C-122.4189511&waypoints=37.7453358%2C-122.4198917%7C37.7453753%2C-122.4202222%7C37.7501192%2C-122.4201265%7C37.7522237%2C-122.4203687%7C37.7522296%2C-122.4202774%7C37.7554153%2C-122.4175471%7C37.7554244%2C-122.4174517%7C37.7580398%2C-122.4191698%7C37.7585218%2C-122.4195545&travelmode=driving,1.5,7,"https://router.project-osrm.org/route/v1/driving/-122.4195471,37.7458729;-122.4198917,37.7453358;-122.4202222,37.7453753;-122.4201265,37.7501192;-122.4203687,37.7522237;-122.4202774,37.7522296;-122.4175471,37.7554153;-122.4174517,37.7554244;-122.4191698,37.7580398;-122.4195545,37.7585218;-122.4189511,37.7590584?overview=false&steps=false&continue_straight=false"
10,91-100,"37.7590584,-122.4189511","37.7598361,-122.4235009",https://www.google.com/maps/dir/?api=1&origin=37.7590584%2C-122.4189511&destination=37.7598361%2C-122.4235009&waypoints=37.7591137%2C-122.4189578%7C37.7589098%2C-122.4172628%7C37.7606887%2C-122.4191066%7C37.7608708%2C-122.4191191%7C37.762516%2C-122.4196106%7C37.7637916%2C-122.4216261%7C37.7648125%2C-122.4214001%7C37.7648565%2C-122.4249358%7C37.7630225%2C-122.4241568&travelmode=driving,2.1,8,"https://router.project-osrm.org/route/v1/driving/-122.4189511,37.7590584;-122.4189578,37.7591137;-122.4172628,37.7589098;-122.4191066,37.7606887;-122.4191191,37.7608708;-122.4196106,37.762516;-122.4216261,37.7637916;-122.4214001,37.7648125;-122.4249358,37.7648565;-122.4241568,37.7630225;-122.4235009,37.7598361?overview=false&steps=false&continue_straight=false"
11,101-110,"37.7598361,-122.4235009","37.7777285,-122.4247169",https://www.google.com/maps/dir/?api=1&origin=37.7598361%2C-122.4235009&destination=37.7777285%2C-122.4247169&waypoints=37.7575151%2C-122.4210482%7C37.7604101%2C-122.4146785%7C37.7622039%2C-122.4151815%7C37.7650523%2C-122.4176658%7C37.7650409%2C-122.41783%7C37.768305%2C-122.417625%7C37.7732563%2C-122.4181114%7C37.7752166%2C-122.4195185%7C37.7772783%2C-122.4232119&travelmode=driving,3.4,13,"https://router.project-osrm.org/route/v1/driving/-122.4235009,37.7598361;-122.4210482,37.7575151;-122.4146785,37.7604101;-122.4151815,37.7622039;-122.4176658,37.7650523;-122.41783,37.7650409;-122.417625,37.768305;-122.4181114,37.7732563;-122.4195185,37.7752166;-122.4232119,37.7772783;-122.4247169,37.7777285?overview=false&steps=false&continue_straight=false"
12,111-120,"37.7777285,-122.4247169","37.7640662,-122.4307277",https://www.google.com/maps/dir/?api=1&origin=37.7777285%2C-122.4247169&destination=37.7640662%2C-122.4307277&waypoints=37.7721282%2C-122.4227728%7C37.7709155%2C-122.4242772%7C37.7718576%2C-122.4305285%7C37.7719701%2C-122.4307952%7C37.771936%2C-122.4310206%7C37.7691858%2C-122.4317362%7C37.7677974%2C-122.4295075%7C37.7662917%2C-122.4308181%7C37.7656605%2C-122.4308624&travelmode=driving,3.2,12,"https://router.project-osrm.org/route/v1/driving/-122.4247169,37.7777285;-122.4227728,37.7721282;-122.4242772,37.7709155;-122.4305285,37.7718576;-122.4307952,37.7719701;-122.4310206,37.771936;-122.4317362,37.7691858;-122.4295075,37.7677974;-122.4308181,37.7662917;-122.4308624,37.7656605;-122.4307277,37.7640662?overview=false&steps=false&continue_straight=false"
13,121-130,"37.7640662,-122.4307277","37.7656488,-122.4503419",https://www.google.com/maps/dir/?api=1&origin=37.7640662%2C-122.4307277&destination=37.7656488%2C-122.4503419&waypoints=37.765944%2C-122.4286549%7C37.7621599%2C-122.434983%7C37.7612362%2C-122.434895%7C37.7601489%2C-122.435121%7C37.759446%2C-122.4347233%7C37.7705255%2C-122.4438036%7C37.7734832%2C-122.450582%7C37.7664511%2C-122.4533169%7C37.7662947%2C-122.4528159&travelmode=driving,3.9,13,"https://router.project-osrm.org/route/v1/driving/-122.4307277,37.7640662;-122.4286549,37.765944;-122.434983,37.7621599;-122.434895,37.7612362;-122.435121,37.7601489;-122.4347233,37.759446;-122.4438036,37.7705255;-122.450582,37.7734832;-122.4533169,37.7664511;-122.4528159,37.7662947;-122.4503419,37.7656488?overview=false&steps=false&continue_straight=false"
14,131-140,"37.7656488,-122.4503419","37.7641987,-122.4658639",https://www.google.com/maps/dir/?api=1&origin=37.7656488%2C-122.4503419&destination=37.7641987%2C-122.4658639&waypoints=37.7651459%2C-122.4603819%7C37.7640431%2C-122.4632721%7C37.764253%2C-122.4642883%7C37.7639957%2C-122.4644616%7C37.7638477%2C-122.4644828%7C37.7642479%2C-122.4648461%7C37.7642461%2C-122.4649739%7C37.7642173%2C-122.4654694%7C37.7642134%2C-122.4655911&travelmode=driving,1.2,4,"https://router.project-osrm.org/route/v1/driving/-122.4503419,37.7656488;-122.4603819,37.7651459;-122.4632721,37.7640431;-122.4642883,37.764253;-122.4644616,37.7639957;-122.4644828,37.7638477;-122.4648461,37.7642479;-122.4649739,37.7642461;-122.4654694,37.7642173;-122.4655911,37.7642134;-122.4658639,37.7641987?overview=false&steps=false&continue_straight=false"
15,141-150,"37.7641987,-122.4658639","37.764022,-122.4698828",https://www.google.com/maps/dir/?api=1&origin=37.7641987%2C-122.4658639&destination=37.764022%2C-122.4698828&waypoints=37.7641546%2C-122.4667066%7C37.7638519%2C-122.4676653%7C37.7641321%2C-122.4679281%7C37.7641311%2C-122.467963%7C37.7641163%2C-122.4683074%7C37.7638103%2C-122.4686105%7C37.7638036%2C-122.4688082%7C37.7640518%2C-122.4693609%7C37.7640524%2C-122.4694092&travelmode=driving,0.3,1,"https://router.project-osrm.org/route/v1/driving/-122.4658639,37.7641987;-122.4667066,37.7641546;-122.4676653,37.7638519;-122.4679281,37.7641321;-122.467963,37.7641311;-122.4683074,37.7641163;-122.4686105,37.7638103;-122.4688082,37.7638036;-122.4693609,37.7640518;-122.4694092,37.7640524;-122.4698828,37.764022?overview=false&steps=false&continue_straight=false"
16,151-160,"37.764022,-122.4698828","37.7635863,-122.4797009",https://www.google.com/maps/dir/?api=1&origin=37.764022%2C-122.4698828&destination=37.7635863%2C-122.4797009&waypoints=37.7635692%2C-122.47412%7C37.7638146%2C-122.4743212%7C37.7635173%2C-122.475548%7C37.7634944%2C-122.4757936%7C37.7637545%2C-122.4758474%7C37.7637532%2C-122.4759346%7C37.763761%2C-122.47576%7C37.7636862%2C-122.4775778%7C37.7641638%2C-122.4779999&travelmode=driving,0.7,3,"https://router.project-osrm.org/route/v1/driving/-122.4698828,37.764022;-122.47412,37.7635692;-122.4743212,37.7638146;-122.475548,37.7635173;-122.4757936,37.7634944;-122.4758474,37.7637545;-122.4759346,37.7637532;-122.47576,37.763761;-122.4775778,37.7636862;-122.4779999,37.7641638;-122.4797009,37.7635863?overview=false&steps=false&continue_straight=false"
17,161-170,"37.7635863,-122.4797009","37.7634318,-122.4829824",https://www.google.com/maps/dir/?api=1&origin=37.7635863%2C-122.4797009&destination=37.7634318%2C-122.4829824&waypoints=37.7632978%2C-122.4797892%7C37.7635413%2C-122.4805197%7C37.7635185%2C-122.4810221%7C37.763245%2C-122.4812586%7C37.7634753%2C-122.4820015%7C37.7634751%2C-122.4820438%7C37.7632091%2C-122.4822785%7C37.7631893%2C-122.4826826%7C37.7629705%2C-122.4826183&travelmode=driving,0.3,1,"https://router.project-osrm.org/route/v1/driving/-122.4797009,37.7635863;-122.4797892,37.7632978;-122.4805197,37.7635413;-122.4810221,37.7635185;-122.4812586,37.763245;-122.4820015,37.7634753;-122.4820438,37.7634751;-122.4822785,37.7632091;-122.4826826,37.7631893;-122.4826183,37.7629705;-122.4829824,37.7634318?overview=false&steps=false&continue_straight=false"
18,171-180,"37.7634318,-122.4829824","37.7537829,-122.4908084",https://www.google.com/maps/dir/?api=1&origin=37.7634318%2C-122.4829824&destination=37.7537829%2C-122.4908084&waypoints=37.7578314%2C-122.4827523%7C37.7542013%2C-122.4812865%7C37.7539093%2C-122.4806071%7C37.7542328%2C-122.4799109%7C37.7539869%2C-122.4791068%7C37.7540509%2C-122.4780344%7C37.754302%2C-122.4780891%7C37.7543089%2C-122.4777675%7C37.7541049%2C-122.4770578&travelmode=driving,1.8,7,"https://router.project-osrm.org/route/v1/driving/-122.4829824,37.7634318;-122.4827523,37.7578314;-122.4812865,37.7542013;-122.4806071,37.7539093;-122.4799109,37.7542328;-122.4791068,37.7539869;-122.4780344,37.7540509;-122.4780891,37.754302;-122.4777675,37.7543089;-122.4770578,37.7541049;-122.4908084,37.7537829?overview=false&steps=false&continue_straight=false"
19,181-190,"37.7537829,-122.4908084","37.775653,-122.4961134",https://www.google.com/maps/dir/?api=1&origin=37.7537829%2C-122.4908084&destination=37.775653%2C-122.4961134&waypoints=37.7537596%2C-122.4909559%7C37.7534421%2C-122.4911564%7C37.7534854%2C-122.4973202%7C37.7565389%2C-122.5017634%7C37.7569687%2C-122.5023107%7C37.7531581%2C-122.5045089%7C37.7592955%2C-122.5078872%7C37.7626724%2C-122.5003096%7C37.7612253%2C-122.4907775&travelmode=driving,5.2,17,"https://router.project-osrm.org/route/v1/driving/-122.4908084,37.7537829;-122.4909559,37.7537596;-122.4911564,37.7534421;-122.4973202,37.7534854;-122.5017634,37.7565389;-122.5023107,37.7569687;-122.5045089,37.7531581;-122.5078872,37.7592955;-122.5003096,37.7626724;-122.4907775,37.7612253;-122.4961134,37.775653?overview=false&steps=false&continue_straight=false"
20,191-200,"37.775653,-122.4961134","37.7755648,-122.4975524",https://www.google.com/maps/dir/?api=1&origin=37.775653%2C-122.4961134&destination=37.7755648%2C-122.4975524&waypoints=37.7759062%2C-122.4959124%7C37.7759133%2C-122.4957386%7C37.7759214%2C-122.4955367%7C37.7758758%2C-122.4964004%7C37.7758584%2C-122.4971747%7C37.7758382%2C-122.4974819%7C37.7758373%2C-122.4975298%7C37.7758315%2C-122.4976094%7C37.7758261%2C-122.4976953&travelmode=driving,0.2,1,"https://router.project-osrm.org/route/v1/driving/-122.4961134,37.775653;-122.4959124,37.7759062;-122.4957386,37.7759133;-122.4955367,37.7759214;-122.4964004,37.7758758;-122.4971747,37.7758584;-122.4974819,37.7758382;-122.4975298,37.7758373;-122.4976094,37.7758315;-122.4976953,37.7758261;-122.4975524,37.7755648?overview=false&steps=false&continue_straight=false"
21,201-210,"37.7755648,-122.4975524","37.7798921,-122.485121",https://www.google.com/maps/dir/?api=1&origin=37.7755648%2C-122.4975524&destination=37.7798921%2C-122.485121&waypoints=37.7754593%2C-122.4976205%7C37.7755556%2C-122.4980167%7C37.7755474%2C-122.4982364%7C37.7794682%2C-122.4945189%7C37.7795217%2C-122.4935201%7C37.7798759%2C-122.4934503%7C37.7815535%2C-122.4925035%7C37.7819123%2C-122.489898%7C37.7801731%2C-122.4872443&travelmode=driving,2.0,8,"https://router.project-osrm.org/route/v1/driving/-122.4975524,37.7755648;-122.4976205,37.7754593;-122.4980167,37.7755556;-122.4982364,37.7755474;-122.4945189,37.7794682;-122.4935201,37.7795217;-122.4934503,37.7798759;-122.4925035,37.7815535;-122.489898,37.7819123;-122.4872443,37.7801731;-122.485121,37.7798921?overview=false&steps=false&continue_straight=false"
22,211-220,"37.7798921,-122.485121","37.7808821,-122.4712667",https://www.google.com/maps/dir/?api=1&origin=37.7798921%2C-122.485121&destination=37.7808821%2C-122.4712667&waypoints=37.7803847%2C-122.4823559%7C37.780034%2C-122.482053%7C37.780049%2C-122.4818945%7C37.7800619%2C-122.4810822%7C37.7801049%2C-122.4806914%7C37.7801806%2C-122.4791486%7C37.7802666%2C-122.4766185%7C37.7803257%2C-122.4755654%7C37.7808021%2C-122.4733161&travelmode=driving,1.8,8,"https://router.project-osrm.org/route/v1/driving/-122.485121,37.7798921;-122.4823559,37.7803847;-122.482053,37.780034;-122.4818945,37.780049;-122.4810822,37.7800619;-122.4806914,37.7801049;-122.4791486,37.7801806;-122.4766185,37.7802666;-122.4755654,37.7803257;-122.4733161,37.7808021;-122.4712667,37.7808821?overview=false&steps=false&continue_straight=false"
23,221-230,"37.7808821,-122.4712667","37.782818,-122.4646328",https://www.google.com/maps/dir/?api=1&origin=37.7808821%2C-122.4712667&destination=37.782818%2C-122.4646328&waypoints=37.7809011%2C-122.4708487%7C37.7805883%2C-122.4699033%7C37.7806379%2C-122.4688401%7C37.7806145%2C-122.4662841%7C37.780819%2C-122.4646606%7C37.7808186%2C-122.4646139%7C37.7812231%2C-122.4639473%7C37.7828341%2C-122.4642568%7C37.7828079%2C-122.4645682&travelmode=driving,1.2,5,"https://router.project-osrm.org/route/v1/driving/-122.4712667,37.7808821;-122.4708487,37.7809011;-122.4699033,37.7805883;-122.4688401,37.7806379;-122.4662841,37.7806145;-122.4646606,37.780819;-122.4646139,37.7808186;-122.4639473,37.7812231;-122.4642568,37.7828341;-122.4645682,37.7828079;-122.4646328,37.782818?overview=false&steps=false&continue_straight=false"
24,231-240,"37.782818,-122.4646328","37.7829015,-122.4682503",https://www.google.com/maps/dir/?api=1&origin=37.782818%2C-122.4646328&destination=37.7829015%2C-122.4682503&waypoints=37.7830425%2C-122.4648197%7C37.7830023%2C-122.4658784%7C37.7830014%2C-122.4661387%7C37.7827621%2C-122.4660081%7C37.7827568%2C-122.4658505%7C37.7825419%2C-122.4664152%7C37.7824329%2C-122.4666822%7C37.782948%2C-122.4673999%7C37.7826656%2C-122.4679876&travelmode=driving,0.3,1,"https://router.project-osrm.org/route/v1/driving/-122.4646328,37.782818;-122.4648197,37.7830425;-122.4658784,37.7830023;-122.4661387,37.7830014;-122.4660081,37.7827621;-122.4658505,37.7827568;-122.4664152,37.7825419;-122.4666822,37.7824329;-122.4673999,37.782948;-122.4679876,37.7826656;-122.4682503,37.7829015?overview=false&steps=false&continue_straight=false"
25,241-250,"37.7829015,-122.4682503","37.7821175,-122.485616",https://www.google.com/maps/dir/?api=1&origin=37.7829015%2C-122.4682503&destination=37.7821175%2C-122.485616&waypoints=37.7829158%2C-122.4682954%7C37.7827632%2C-122.4713517%7C37.7822838%2C-122.4765509%7C37.7822634%2C-122.4819512%7C37.7819833%2C-122.4829265%7C37.7819817%2C-122.4830336%7C37.781976%2C-122.4831835%7C37.7821304%2C-122.4852583%7C37.78213%2C-122.485431&travelmode=driving,1.0,3,"https://router.project-osrm.org/route/v1/driving/-122.4682503,37.7829015;-122.4682954,37.7829158;-122.4713517,37.7827632;-122.4765509,37.7822838;-122.4819512,37.7822634;-122.4829265,37.7819833;-122.4830336,37.7819817;-122.4831835,37.781976;-122.4852583,37.7821304;-122.485431,37.78213;-122.485616,37.7821175?overview=false&steps=false&continue_straight=false"
26,251-260,"37.7821175,-122.485616","37.7817076,-122.4559265",https://www.google.com/maps/dir/?api=1&origin=37.7821175%2C-122.485616&destination=37.7817076%2C-122.4559265&waypoints=37.7838735%2C-122.4827392%7C37.7763728%2C-122.4803086%7C37.7770459%2C-122.4654532%7C37.777325%2C-122.4648238%7C37.7771467%2C-122.4633355%7C37.7771535%2C-122.4630916%7C37.7773986%2C-122.462826%7C37.7771825%2C-122.4625294%7C37.7828745%2C-122.4636255&travelmode=driving,3.2,11,"https://router.project-osrm.org/route/v1/driving/-122.485616,37.7821175;-122.4827392,37.7838735;-122.4803086,37.7763728;-122.4654532,37.7770459;-122.4648238,37.777325;-122.4633355,37.7771467;-122.4630916,37.7771535;-122.462826,37.7773986;-122.4625294,37.7771825;-122.4636255,37.7828745;-122.4559265,37.7817076?overview=false&steps=false&continue_straight=false"
27,261-270,"37.7817076,-122.4559265","37.7899767,-122.4336448",https://www.google.com/maps/dir/?api=1&origin=37.7817076%2C-122.4559265&destination=37.7899767%2C-122.4336448&waypoints=37.7817741%2C-122.451349%7C37.7809382%2C-122.4391646%7C37.7783886%2C-122.4388076%7C37.7765771%2C-122.4382957%7C37.7748079%2C-122.4379429%7C37.7746278%2C-122.4379002%7C37.7848832%2C-122.4304169%7C37.7851799%2C-122.4304721%7C37.7869749%2C-122.4299475&travelmode=driving,4.0,14,"https://router.project-osrm.org/route/v1/driving/-122.4559265,37.7817076;-122.451349,37.7817741;-122.4391646,37.7809382;-122.4388076,37.7783886;-122.4382957,37.7765771;-122.4379429,37.7748079;-122.4379002,37.7746278;-122.4304169,37.7848832;-122.4304721,37.7851799;-122.4299475,37.7869749;-122.4336448,37.7899767?overview=false&steps=false&continue_straight=false"
28,271-280,"37.7899767,-122.4336448","37.7912358,-122.4207109",https://www.google.com/maps/dir/?api=1&origin=37.7899767%2C-122.4336448&destination=37.7912358%2C-122.4207109&waypoints=37.7912957%2C-122.4346366%7C37.7885864%2C-122.4235375%7C37.7886746%2C-122.4222178%7C37.7881229%2C-122.421632%7C37.7885206%2C-122.4207091%7C37.7887695%2C-122.4206788%7C37.7888701%2C-122.4204876%7C37.7898626%2C-122.4206981%7C37.7907893%2C-122.4202355&travelmode=driving,2.2,9,"https://router.project-osrm.org/route/v1/driving/-122.4336448,37.7899767;-122.4346366,37.7912957;-122.4235375,37.7885864;-122.4222178,37.7886746;-122.421632,37.7881229;-122.4207091,37.7885206;-122.4206788,37.7887695;-122.4204876,37.7888701;-122.4206981,37.7898626;-122.4202355,37.7907893;-122.4207109,37.7912358?overview=false&steps=false&continue_straight=false"
29,281-290,"37.7912358,-122.4207109","37.7896132,-122.4140215",https://www.google.com/maps/dir/?api=1&origin=37.7912358%2C-122.4207109&destination=37.7896132%2C-122.4140215&waypoints=37.7913128%2C-122.4207079%7C37.790977%2C-122.4185746%7C37.7910518%2C-122.418044%7C37.7910682%2C-122.4179672%7C37.7910669%2C-122.4178856%7C37.7911016%2C-122.4176802%7C37.7898539%2C-122.4173166%7C37.7885138%2C-122.4150968%7C37.7886956%2C-122.4137168&travelmode=driving,1.2,4,"https://router.project-osrm.org/route/v1/driving/-122.4207109,37.7912358;-122.4207079,37.7913128;-122.4185746,37.790977;-122.418044,37.7910518;-122.4179672,37.7910682;-122.4178856,37.7910669;-122.4176802,37.7911016;-122.4173166,37.7898539;-122.4150968,37.7885138;-122.4137168,37.7886956;-122.4140215,37.7896132?overview=false&steps=false&continue_straight=false"
30,291-300,"37.7896132,-122.4140215","37.7866814,-122.4127614",https://www.google.com/maps/dir/?api=1&origin=37.7896132%2C-122.4140215&destination=37.7866814%2C-122.4127614&waypoints=37.7895978%2C-122.4141717%7C37.7895679%2C-122.4126161%7C37.7898887%2C-122.4118038%7C37.7902062%2C-122.4093108%7C37.7896241%2C-122.408938%7C37.7887957%2C-122.4086863%7C37.7869641%2C-122.4079891%7C37.7872128%2C-122.4103506%7C37.7877235%2C-122.4120922&travelmode=driving,1.5,6,"https://router.project-osrm.org/route/v1/driving/-122.4140215,37.7896132;-122.4141717,37.7895978;-122.4126161,37.7895679;-122.4118038,37.7898887;-122.4093108,37.7902062;-122.408938,37.7896241;-122.4086863,37.7887957;-122.4079891,37.7869641;-122.4103506,37.7872128;-122.4120922,37.7877235;-122.4127614,37.7866814?overview=false&steps=false&continue_straight=false"
31,301-310,"37.7866814,-122.4127614","37.7839089,-122.4196454",https://www.google.com/maps/dir/?api=1&origin=37.7866814%2C-122.4127614&destination=37.7839089%2C-122.4196454&waypoints=37.7866661%2C-122.4129649%7C37.7857275%2C-122.4127692%7C37.7853512%2C-122.4130435%7C37.784952%2C-122.4130574%7C37.7847337%2C-122.4130515%7C37.7839579%2C-122.4161227%7C37.7832537%2C-122.415712%7C37.7834857%2C-122.4177166%7C37.783901%2C-122.4194993&travelmode=driving,1.2,6,"https://router.project-osrm.org/route/v1/driving/-122.4127614,37.7866814;-122.4129649,37.7866661;-122.4127692,37.7857275;-122.4130435,37.7853512;-122.4130574,37.784952;-122.4130515,37.7847337;-122.4161227,37.7839579;-122.415712,37.7832537;-122.4177166,37.7834857;-122.4194993,37.783901;-122.4196454,37.7839089?overview=false&steps=false&continue_straight=false"
32,311-320,"37.7839089,-122.4196454","37.7873951,-122.4221744",https://www.google.com/maps/dir/?api=1&origin=37.7839089%2C-122.4196454&destination=37.7873951%2C-122.4221744&waypoints=37.7830769%2C-122.4203496%7C37.7817167%2C-122.4186499%7C37.7851731%2C-122.4171037%7C37.787049%2C-122.4164871%7C37.7873905%2C-122.4199021%7C37.7869519%2C-122.4201047%7C37.7879039%2C-122.4198714%7C37.7873136%2C-122.4219579%7C37.7871652%2C-122.4219217&travelmode=driving,2.7,13,"https://router.project-osrm.org/route/v1/driving/-122.4196454,37.7839089;-122.4203496,37.7830769;-122.4186499,37.7817167;-122.4171037,37.7851731;-122.4164871,37.787049;-122.4199021,37.7873905;-122.4201047,37.7869519;-122.4198714,37.7879039;-122.4219579,37.7873136;-122.4219217,37.7871652;-122.4221744,37.7873951?overview=false&steps=false&continue_straight=false"
33,321-330,"37.7873951,-122.4221744","37.7971303,-122.4108551",https://www.google.com/maps/dir/?api=1&origin=37.7873951%2C-122.4221744&destination=37.7971303%2C-122.4108551&waypoints=37.7946407%2C-122.4199842%7C37.7948774%2C-122.4217274%7C37.7950196%2C-122.4235051%7C37.7963038%2C-122.421996%7C37.7989098%2C-122.4225313%7C37.7964695%2C-122.4169517%7C37.7946215%2C-122.4129609%7C37.7961688%2C-122.4121036%7C37.7964895%2C-122.4108039&travelmode=driving,3.4,12,"https://router.project-osrm.org/route/v1/driving/-122.4221744,37.7873951;-122.4199842,37.7946407;-122.4217274,37.7948774;-122.4235051,37.7950196;-122.421996,37.7963038;-122.4225313,37.7989098;-122.4169517,37.7964695;-122.4129609,37.7946215;-122.4121036,37.7961688;-122.4108039,37.7964895;-122.4108551,37.7971303?overview=false&steps=false&continue_straight=false"
34,331-340,"37.7971303,-122.4108551","37.7937659,-122.4096713",https://www.google.com/maps/dir/?api=1&origin=37.7971303%2C-122.4108551&destination=37.7937659%2C-122.4096713&waypoints=37.797181%2C-122.4105525%7C37.7975181%2C-122.4106153%7C37.7975918%2C-122.4100467%7C37.7968879%2C-122.4100069%7C37.7960381%2C-122.4098693%7C37.7957682%2C-122.409513%7C37.7957916%2C-122.409378%7C37.7955571%2C-122.4097712%7C37.7949431%2C-122.4099161&travelmode=driving,1.6,8,"https://router.project-osrm.org/route/v1/driving/-122.4108551,37.7971303;-122.4105525,37.797181;-122.4106153,37.7975181;-122.4100467,37.7975918;-122.4100069,37.7968879;-122.4098693,37.7960381;-122.409513,37.7957682;-122.409378,37.7957916;-122.4097712,37.7955571;-122.4099161,37.7949431;-122.4096713,37.7937659?overview=false&steps=false&continue_straight=false"
35,341-350,"37.7937659,-122.4096713","37.7934776,-122.4060511",https://www.google.com/maps/dir/?api=1&origin=37.7937659%2C-122.4096713&destination=37.7934776%2C-122.4060511&waypoints=37.7950595%2C-122.4078031%7C37.795116%2C-122.4074035%7C37.7953532%2C-122.4066263%7C37.7945342%2C-122.4058326%7C37.7942586%2C-122.4058206%7C37.7942834%2C-122.4055934%7C37.7943187%2C-122.4051769%7C37.7937933%2C-122.4048172%7C37.7933309%2C-122.4059223&travelmode=driving,2.1,10,"https://router.project-osrm.org/route/v1/driving/-122.4096713,37.7937659;-122.4078031,37.7950595;-122.4074035,37.795116;-122.4066263,37.7953532;-122.4058326,37.7945342;-122.4058206,37.7942586;-122.4055934,37.7942834;-122.4051769,37.7943187;-122.4048172,37.7937933;-122.4059223,37.7933309;-122.4060511,37.7934776?overview=false&steps=false&continue_straight=false"
36,351-360,"37.7934776,-122.4060511","37.7870613,-122.4007946",https://www.google.com/maps/dir/?api=1&origin=37.7934776%2C-122.4060511&destination=37.7870613%2C-122.4007946&waypoints=37.7919018%2C-122.4059504%7C37.7898689%2C-122.4061028%7C37.7898095%2C-122.4060907%7C37.7897205%2C-122.406065%7C37.7898024%2C-122.4050464%7C37.7899442%2C-122.4042132%7C37.7913262%2C-122.402849%7C37.7900511%2C-122.4011911%7C37.7882446%2C-122.4003041&travelmode=driving,3.0,13,"https://router.project-osrm.org/route/v1/driving/-122.4060511,37.7934776;-122.4059504,37.7919018;-122.4061028,37.7898689;-122.4060907,37.7898095;-122.406065,37.7897205;-122.4050464,37.7898024;-122.4042132,37.7899442;-122.402849,37.7913262;-122.4011911,37.7900511;-122.4003041,37.7882446;-122.4007946,37.7870613?overview=false&steps=false&continue_straight=false"
37,361-370,"37.7870613,-122.4007946","37.7939497,-122.3966629",https://www.google.com/maps/dir/?api=1&origin=37.7870613%2C-122.4007946&destination=37.7939497%2C-122.3966629&waypoints=37.7864237%2C-122.404694%7C37.7844697%2C-122.4081105%7C37.7838171%2C-122.4090682%7C37.7817897%2C-122.4074377%7C37.7769733%2C-122.4018475%7C37.7703729%2C-122.4032495%7C37.7717529%2C-122.410674%7C37.7844493%2C-122.3957467%7C37.7909944%2C-122.393189&travelmode=driving,6.8,24,"https://router.project-osrm.org/route/v1/driving/-122.4007946,37.7870613;-122.404694,37.7864237;-122.4081105,37.7844697;-122.4090682,37.7838171;-122.4074377,37.7817897;-122.4018475,37.7769733;-122.4032495,37.7703729;-122.410674,37.7717529;-122.3957467,37.7844493;-122.393189,37.7909944;-122.3966629,37.7939497?overview=false&steps=false&continue_straight=false"
38,371-380,"37.7939497,-122.3966629","37.797577,-122.407955",https://www.google.com/maps/dir/?api=1&origin=37.7939497%2C-122.3966629&destination=37.797577%2C-122.407955&waypoints=37.7939398%2C-122.3967141%7C37.7939797%2C-122.4006303%7C37.7955186%2C-122.4043661%7C37.7962178%2C-122.404589%7C37.7961063%2C-122.4053756%7C37.7960991%2C-122.405482%7C37.7970931%2C-122.4061124%7C37.7973738%2C-122.405721%7C37.7968798%2C-122.4078459&travelmode=driving,2.4,10,"https://router.project-osrm.org/route/v1/driving/-122.3966629,37.7939497;-122.3967141,37.7939398;-122.4006303,37.7939797;-122.4043661,37.7955186;-122.404589,37.7962178;-122.4053756,37.7961063;-122.405482,37.7960991;-122.4061124,37.7970931;-122.405721,37.7973738;-122.4078459,37.7968798;-122.407955,37.797577?overview=false&steps=false&continue_straight=false"
39,381-390,"37.797577,-122.407955","37.8056497,-122.4126682",https://www.google.com/maps/dir/?api=1&origin=37.797577%2C-122.407955&destination=37.8056497%2C-122.4126682&waypoints=37.7975505%2C-122.4082232%7C37.7978297%2C-122.4081985%7C37.7978408%2C-122.4081171%7C37.7973422%2C-122.4087165%7C37.7962281%2C-122.408488%7C37.7956701%2C-122.4081136%7C37.7994205%2C-122.4074577%7C37.8018208%2C-122.4121612%7C37.804997%2C-122.411907&travelmode=driving,1.5,7,"https://router.project-osrm.org/route/v1/driving/-122.407955,37.797577;-122.4082232,37.7975505;-122.4081985,37.7978297;-122.4081171,37.7978408;-122.4087165,37.7973422;-122.408488,37.7962281;-122.4081136,37.7956701;-122.4074577,37.7994205;-122.4121612,37.8018208;-122.411907,37.804997;-122.4126682,37.8056497?overview=false&steps=false&continue_straight=false"
40,391-400,"37.8056497,-122.4126682","37.7388681,-122.4152987",https://www.google.com/maps/dir/?api=1&origin=37.8056497%2C-122.4126682&destination=37.7388681%2C-122.4152987&waypoints=37.8087829%2C-122.4156397%7C37.8073406%2C-122.4171906%7C37.8101661%2C-122.410708%7C37.7489289%2C-122.4161472%7C37.7391906%2C-122.4168985%7C37.7390259%2C-122.4170755%7C37.7390772%2C-122.417695%7C37.7393202%2C-122.4183225%7C37.7393308%2C-122.4183654&travelmode=driving,8.5,25,"https://router.project-osrm.org/route/v1/driving/-122.4126682,37.8056497;-122.4156397,37.8087829;-122.4171906,37.8073406;-122.410708,37.8101661;-122.4161472,37.7489289;-122.4168985,37.7391906;-122.4170755,37.7390259;-122.417695,37.7390772;-122.4183225,37.7393202;-122.4183654,37.7393308;-122.4152987,37.7388681?overview=false&steps=false&continue_straight=false"
41,401-410,"37.7388681,-122.4152987","37.7305091,-122.4046728",https://www.google.com/maps/dir/?api=1&origin=37.7388681%2C-122.4152987&destination=37.7305091%2C-122.4046728&waypoints=37.7390134%2C-122.4149532%7C37.7423087%2C-122.4061413%7C37.7445743%2C-122.4046752%7C37.741899%2C-122.3874323%7C37.7327234%2C-122.3910713%7C37.7318084%2C-122.3913825%7C37.7297632%2C-122.4043715%7C37.7295082%2C-122.4046584%7C37.7293727%2C-122.4044805&travelmode=driving,5.1,19,"https://router.project-osrm.org/route/v1/driving/-122.4152987,37.7388681;-122.4149532,37.7390134;-122.4061413,37.7423087;-122.4046752,37.7445743;-122.3874323,37.741899;-122.3910713,37.7327234;-122.3913825,37.7318084;-122.4043715,37.7297632;-122.4046584,37.7295082;-122.4044805,37.7293727;-122.4046728,37.7305091?overview=false&steps=false&continue_straight=false"
42,411-420,"37.7305091,-122.4046728","37.7428257,-122.4781024",https://www.google.com/maps/dir/?api=1&origin=37.7305091%2C-122.4046728&destination=37.7428257%2C-122.4781024&waypoints=37.7323268%2C-122.474327%7C37.7390109%2C-122.4798653%7C37.7389852%2C-122.4804388%7C37.7425765%2C-122.4816603%7C37.7426422%2C-122.4822728%7C37.742896%2C-122.4824066%7C37.7428532%2C-122.4828637%7C37.7428512%2C-122.4829139%7C37.742708%2C-122.4809329&travelmode=driving,6.5,18,"https://router.project-osrm.org/route/v1/driving/-122.4046728,37.7305091;-122.474327,37.7323268;-122.4798653,37.7390109;-122.4804388,37.7389852;-122.4816603,37.7425765;-122.4822728,37.7426422;-122.4824066,37.742896;-122.4828637,37.7428532;-122.4829139,37.7428512;-122.4809329,37.742708;-122.4781024,37.7428257?overview=false&steps=false&continue_straight=false"
43,421-430,"37.7428257,-122.4781024","37.7620626,-122.4658483",https://www.google.com/maps/dir/?api=1&origin=37.7428257%2C-122.4781024&destination=37.7620626%2C-122.4658483&waypoints=37.7428403%2C-122.4773873%7C37.7425234%2C-122.4848891%7C37.7425171%2C-122.4850755%7C37.7425142%2C-122.4851736%7C37.7428374%2C-122.4849037%7C37.7424255%2C-122.4870423%7C37.7422169%2C-122.497267%7C37.7618063%2C-122.4660339%7C37.7620506%2C-122.4659849&travelmode=driving,4.5,13,"https://router.project-osrm.org/route/v1/driving/-122.4781024,37.7428257;-122.4773873,37.7428403;-122.4848891,37.7425234;-122.4850755,37.7425171;-122.4851736,37.7425142;-122.4849037,37.7428374;-122.4870423,37.7424255;-122.497267,37.7422169;-122.4660339,37.7618063;-122.4659849,37.7620506;-122.4658483,37.7620626?overview=false&steps=false&continue_straight=false"
44,431-440,"37.7620626,-122.4658483","37.6361969,-122.4903845",https://www.google.com/maps/dir/?api=1&origin=37.7620626%2C-122.4658483&destination=37.6361969%2C-122.4903845&waypoints=37.7623223%2C-122.4658648%7C37.7628276%2C-122.4642726%7C37.7648891%2C-122.4640891%7C37.7014286%2C-122.4820893%7C37.651263%2C-122.4916722%7C37.6508556%2C-122.4917904%7C37.6495744%2C-122.4925061%7C37.6492138%2C-122.4920561%7C37.6370202%2C-122.4906374&travelmode=driving,11.7,23,"https://router.project-osrm.org/route/v1/driving/-122.4658483,37.7620626;-122.4658648,37.7623223;-122.4642726,37.7628276;-122.4640891,37.7648891;-122.4820893,37.7014286;-122.4916722,37.651263;-122.4917904,37.6508556;-122.4925061,37.6495744;-122.4920561,37.6492138;-122.4906374,37.6370202;-122.4903845,37.6361969?overview=false&steps=false&continue_straight=false"
45,441-450,"37.6361969,-122.4903845","37.4635359,-122.4303636",https://www.google.com/maps/dir/?api=1&origin=37.6361969%2C-122.4903845&destination=37.4635359%2C-122.4303636&waypoints=37.6360734%2C-122.4903833%7C37.6357779%2C-122.4904163%7C37.6354941%2C-122.49181%7C37.635428%2C-122.4918109%7C37.6348217%2C-122.491824%7C37.6328375%2C-122.492548%7C37.6333703%2C-122.494441%7C37.6298091%2C-122.4899797%7C37.4932896%2C-122.4536546&travelmode=driving,16.6,32,"https://router.project-osrm.org/route/v1/driving/-122.4903845,37.6361969;-122.4903833,37.6360734;-122.4904163,37.6357779;-122.49181,37.6354941;-122.4918109,37.635428;-122.491824,37.6348217;-122.492548,37.6328375;-122.494441,37.6333703;-122.4899797,37.6298091;-122.4536546,37.4932896;-122.4303636,37.4635359?overview=false&steps=false&continue_straight=false"
46,451-460,"37.4635359,-122.4303636","37.3325558,-121.9519826",https://www.google.com/maps/dir/?api=1&origin=37.4635359%2C-122.4303636&destination=37.3325558%2C-121.9519826&waypoints=37.4629266%2C-122.4310101%7C37.4015119%2C-122.1933201%7C37.3970583%2C-122.059973%7C37.3372567%2C-121.994283%7C37.3392752%2C-121.9948655%7C37.3458398%2C-121.9784245%7C37.3565352%2C-121.935813%7C37.3502008%2C-121.9437995%7C37.3479068%2C-121.9461659&travelmode=driving,45.2,88,"https://router.project-osrm.org/route/v1/driving/-122.4303636,37.4635359;-122.4310101,37.4629266;-122.1933201,37.4015119;-122.059973,37.3970583;-121.994283,37.3372567;-121.9948655,37.3392752;-121.9784245,37.3458398;-121.935813,37.3565352;-121.9437995,37.3502008;-121.9461659,37.3479068;-121.9519826,37.3325558?overview=false&steps=false&continue_straight=false"
47,461-470,"37.3325558,-121.9519826","37.2309407,-121.979823",https://www.google.com/maps/dir/?api=1&origin=37.3325558%2C-121.9519826&destination=37.2309407%2C-121.979823&waypoints=37.3301656%2C-121.9629737%7C37.3301728%2C-121.9633142%7C37.3223922%2C-121.9749945%7C37.3197795%2C-121.973907%7C37.2747327%2C-121.9329091%7C37.2745267%2C-121.9328184%7C37.2740324%2C-121.9327582%7C37.2606389%2C-121.9303305%7C37.2214432%2C-121.9847826&travelmode=driving,15.5,37,"https://router.project-osrm.org/route/v1/driving/-121.9519826,37.3325558;-121.9629737,37.3301656;-121.9633142,37.3301728;-121.9749945,37.3223922;-121.973907,37.3197795;-121.9329091,37.2747327;-121.9328184,37.2745267;-121.9327582,37.2740324;-121.9303305,37.2606389;-121.9847826,37.2214432;-121.979823,37.2309407?overview=false&steps=false&continue_straight=false"
48,471-480,"37.2309407,-121.979823","37.3060557,-121.977447",https://www.google.com/maps/dir/?api=1&origin=37.2309407%2C-121.979823&destination=37.3060557%2C-121.977447&waypoints=37.2314711%2C-121.9802047%7C37.2334287%2C-121.9791828%7C37.2349865%2C-121.9777431%7C37.2352487%2C-121.9764416%7C37.264226%2C-121.983154%7C37.2864878%2C-121.9770848%7C37.2927666%2C-121.9919003%7C37.3037241%2C-121.978973%7C37.3046098%2C-121.9784444&travelmode=driving,9.3,27,"https://router.project-osrm.org/route/v1/driving/-121.979823,37.2309407;-121.9802047,37.2314711;-121.9791828,37.2334287;-121.9777431,37.2349865;-121.9764416,37.2352487;-121.983154,37.264226;-121.9770848,37.2864878;-121.9919003,37.2927666;-121.978973,37.3037241;-121.9784444,37.3046098;-121.977447,37.3060557?overview=false&steps=false&continue_straight=false"
49,481-490,"37.3060557,-121.977447","37.3184166,-122.033142",https://www.google.com/maps/dir/?api=1&origin=37.3060557%2C-121.977447&destination=37.3184166%2C-122.033142&waypoints=37.3091315%2C-121.977799%7C37.309029%2C-121.977818%7C37.3098104%2C-121.9943228%7C37.3097843%2C-121.9951025%7C37.321773%2C-122.017366%7C37.3235885%2C-122.030295%7C37.3141755%2C-122.0328831%7C37.317028%2C-122.02963%7C37.3184033%2C-122.033034&travelmode=driving,7.3,22,"https://router.project-osrm.org/route/v1/driving/-121.977447,37.3060557;-121.977799,37.3091315;-121.977818,37.309029;-121.9943228,37.3098104;-121.9951025,37.3097843;-122.017366,37.321773;-122.030295,37.3235885;-122.0328831,37.3141755;-122.02963,37.317028;-122.033034,37.3184033;-122.033142,37.3184166?overview=false&steps=false&continue_straight=false"
50,491-500,"37.3184166,-122.033142","37.351612,-122.0065061",https://www.google.com/maps/dir/?api=1&origin=37.3184166%2C-122.033142&destination=37.351612%2C-122.0065061&waypoints=37.31993%2C-122.0328582%7C37.3226014%2C-122.0405111%7C37.3225585%2C-122.0410748%7C37.3379644%2C-122.0428863%7C37.3386499%2C-122.0424213%7C37.3562641%2C-122.0320569%7C37.3529959%2C-122.0317657%7C37.353694%2C-122.0135579%7C37.3519859%2C-122.011979&travelmode=driving,7.4,23,"https://router.project-osrm.org/route/v1/driving/-122.033142,37.3184166;-122.0328582,37.31993;-122.0405111,37.3226014;-122.0410748,37.3225585;-122.0428863,37.3379644;-122.0424213,37.3386499;-122.0320569,37.3562641;-122.0317657,37.3529959;-122.0135579,37.353694;-122.011979,37.3519859;-122.0065061,37.351612?overview=false&steps=false&continue_straight=false"
51,501-510,"37.351612,-122.0065061","37.3531729,-121.9865955",https://www.google.com/maps/dir/?api=1&origin=37.351612%2C-122.0065061&destination=37.3531729%2C-121.9865955&waypoints=37.3514105%2C-122.00618%7C37.3514098%2C-122.0061096%7C37.3515078%2C-122.0035947%7C37.3516271%2C-122.0035882%7C37.3535608%2C-121.9932481%7C37.3535065%2C-121.9932405%7C37.3515951%2C-121.9929541%7C37.3520623%2C-121.9879798%7C37.3519441%2C-121.987561&travelmode=driving,1.7,7,"https://router.project-osrm.org/route/v1/driving/-122.0065061,37.351612;-122.00618,37.3514105;-122.0061096,37.3514098;-122.0035947,37.3515078;-122.0035882,37.3516271;-121.9932481,37.3535608;-121.9932405,37.3535065;-121.9929541,37.3515951;-121.9879798,37.3520623;-121.987561,37.3519441;-121.9865955,37.3531729?overview=false&steps=false&continue_straight=false"
52,511-520,"37.3531729,-121.9865955","37.3849459,-121.9279158",https://www.google.com/maps/dir/?api=1&origin=37.3531729%2C-121.9865955&destination=37.3849459%2C-121.9279158&waypoints=37.3526718%2C-121.986583%7C37.3521333%2C-121.985559%7C37.3518854%2C-121.9851168%7C37.3530091%2C-121.9763586%7C37.351793%2C-121.9679638%7C37.3668649%2C-121.9590726%7C37.3704999%2C-121.9597469%7C37.3851596%2C-121.928399%7C37.384805%2C-121.9278379&travelmode=driving,5.8,16,"https://router.project-osrm.org/route/v1/driving/-121.9865955,37.3531729;-121.986583,37.3526718;-121.985559,37.3521333;-121.9851168,37.3518854;-121.9763586,37.3530091;-121.9679638,37.351793;-121.9590726,37.3668649;-121.9597469,37.3704999;-121.928399,37.3851596;-121.9278379,37.384805;-121.9279158,37.3849459?overview=false&steps=false&continue_straight=false"
53,521-530,"37.3849459,-121.9279158","37.4151353,-121.87627",https://www.google.com/maps/dir/?api=1&origin=37.3849459%2C-121.9279158&destination=37.4151353%2C-121.87627&waypoints=37.4197514%2C-121.8764935%7C37.4174735%2C-121.8743202%7C37.4162641%2C-121.8788237%7C37.4157555%2C-121.877599%7C37.4159481%2C-121.877687%7C37.4165288%2C-121.876886%7C37.4168937%2C-121.876659%7C37.4166624%2C-121.876407%7C37.4160675%2C-121.87587&travelmode=driving,5.8,16,"https://router.project-osrm.org/route/v1/driving/-121.9279158,37.3849459;-121.8764935,37.4197514;-121.8743202,37.4174735;-121.8788237,37.4162641;-121.877599,37.4157555;-121.877687,37.4159481;-121.876886,37.4165288;-121.876659,37.4168937;-121.876407,37.4166624;-121.87587,37.4160675;-121.87627,37.4151353?overview=false&steps=false&continue_straight=false"
54,531-540,"37.4151353,-121.87627","37.3751411,-121.8728257",https://www.google.com/maps/dir/?api=1&origin=37.4151353%2C-121.87627&destination=37.3751411%2C-121.8728257&waypoints=37.4134998%2C-121.8759544%7C37.4136364%2C-121.8760839%7C37.4069076%2C-121.8885716%7C37.4066486%2C-121.8879222%7C37.4066248%2C-121.8878736%7C37.4065552%2C-121.8877633%7C37.4040719%2C-121.8816945%7C37.3970697%2C-121.8738975%7C37.3749751%2C-121.8736657&travelmode=driving,5.5,14,"https://router.project-osrm.org/route/v1/driving/-121.87627,37.4151353;-121.8759544,37.4134998;-121.8760839,37.4136364;-121.8885716,37.4069076;-121.8879222,37.4066486;-121.8878736,37.4066248;-121.8877633,37.4065552;-121.8816945,37.4040719;-121.8738975,37.3970697;-121.8736657,37.3749751;-121.8728257,37.3751411?overview=false&steps=false&continue_straight=false"
55,541-550,"37.3751411,-121.8728257","37.3699138,-121.844286",https://www.google.com/maps/dir/?api=1&origin=37.3751411%2C-121.8728257&destination=37.3699138%2C-121.844286&waypoints=37.3854287%2C-121.8614272%7C37.3872061%2C-121.8583891%7C37.3876308%2C-121.8576767%7C37.3877448%2C-121.857688%7C37.3997384%2C-121.8483218%7C37.3923073%2C-121.8427813%7C37.375155%2C-121.8350995%7C37.3756618%2C-121.8364637%7C37.374812%2C-121.8377729&travelmode=driving,6.0,17,"https://router.project-osrm.org/route/v1/driving/-121.8728257,37.3751411;-121.8614272,37.3854287;-121.8583891,37.3872061;-121.8576767,37.3876308;-121.857688,37.3877448;-121.8483218,37.3997384;-121.8427813,37.3923073;-121.8350995,37.375155;-121.8364637,37.3756618;-121.8377729,37.374812;-121.844286,37.3699138?overview=false&steps=false&continue_straight=false"
56,551-560,"37.3699138,-121.844286","37.3331291,-121.8749053",https://www.google.com/maps/dir/?api=1&origin=37.3699138%2C-121.844286&destination=37.3331291%2C-121.8749053&waypoints=37.3676393%2C-121.8480789%7C37.3675197%2C-121.848094%7C37.3559823%2C-121.8633182%7C37.3534025%2C-121.8554788%7C37.3519273%2C-121.856892%7C37.3512556%2C-121.8594147%7C37.3512046%2C-121.8593526%7C37.3504112%2C-121.8599927%7C37.3397482%2C-121.8823617&travelmode=driving,5.7,17,"https://router.project-osrm.org/route/v1/driving/-121.844286,37.3699138;-121.8480789,37.3676393;-121.848094,37.3675197;-121.8633182,37.3559823;-121.8554788,37.3534025;-121.856892,37.3519273;-121.8594147,37.3512556;-121.8593526,37.3512046;-121.8599927,37.3504112;-121.8823617,37.3397482;-121.8749053,37.3331291?overview=false&steps=false&continue_straight=false"
57,561-570,"37.3331291,-121.8749053","37.2935545,-121.9325991",https://www.google.com/maps/dir/?api=1&origin=37.3331291%2C-121.8749053&destination=37.2935545%2C-121.9325991&waypoints=37.3329009%2C-121.8749499%7C37.3326088%2C-121.876081%7C37.3208373%2C-121.8838197%7C37.3085315%2C-121.8793583%7C37.3110971%2C-121.8952194%7C37.30885%2C-121.8995998%7C37.3071565%2C-121.8997285%7C37.3025891%2C-121.9153414%7C37.3039668%2C-121.921948&travelmode=driving,8.9,26,"https://router.project-osrm.org/route/v1/driving/-121.8749053,37.3331291;-121.8749499,37.3329009;-121.876081,37.3326088;-121.8838197,37.3208373;-121.8793583,37.3085315;-121.8952194,37.3110971;-121.8995998,37.30885;-121.8997285,37.3071565;-121.9153414,37.3025891;-121.921948,37.3039668;-121.9325991,37.2935545?overview=false&steps=false&continue_straight=false"
58,571-580,"37.2935545,-121.9325991","37.2936547,-121.9443946",https://www.google.com/maps/dir/?api=1&origin=37.2935545%2C-121.9325991&destination=37.2936547%2C-121.9443946&waypoints=37.293555%2C-121.9323431%7C37.2933283%2C-121.9321405%7C37.2933246%2C-121.9322176%7C37.2913749%2C-121.9327073%7C37.2837471%2C-121.9313718%7C37.2829517%2C-121.9324829%7C37.2868782%2C-121.9446133%7C37.2901214%2C-121.9400051%7C37.290336%2C-121.9398465&travelmode=driving,4.1,14,"https://router.project-osrm.org/route/v1/driving/-121.9325991,37.2935545;-121.9323431,37.293555;-121.9321405,37.2933283;-121.9322176,37.2933246;-121.9327073,37.2913749;-121.9313718,37.2837471;-121.9324829,37.2829517;-121.9446133,37.2868782;-121.9400051,37.2901214;-121.9398465,37.290336;-121.9443946,37.2936547?overview=false&steps=false&continue_straight=false"
59,581-590,"37.2936547,-121.9443946","37.3272118,-121.8965668",https://www.google.com/maps/dir/?api=1&origin=37.2936547%2C-121.9443946&destination=37.3272118%2C-121.8965668&waypoints=37.2939739%2C-121.9443966%7C37.311667%2C-121.949736%7C37.3208608%2C-121.9507232%7C37.3216392%2C-121.9481047%7C37.3199514%2C-121.9474262%7C37.3237953%2C-121.9355507%7C37.3238636%2C-121.914019%7C37.322521%2C-121.9081966%7C37.3221635%2C-121.9020606&travelmode=driving,6.8,20,"https://router.project-osrm.org/route/v1/driving/-121.9443946,37.2936547;-121.9443966,37.2939739;-121.949736,37.311667;-121.9507232,37.3208608;-121.9481047,37.3216392;-121.9474262,37.3199514;-121.9355507,37.3237953;-121.914019,37.3238636;-121.9081966,37.322521;-121.9020606,37.3221635;-121.8965668,37.3272118?overview=false&steps=false&continue_straight=false"
60,591-600,"37.3272118,-121.8965668","37.3546841,-121.8872308",https://www.google.com/maps/dir/?api=1&origin=37.3272118%2C-121.8965668&destination=37.3546841%2C-121.8872308&waypoints=37.3358131%2C-121.8985266%7C37.3345031%2C-121.8936402%7C37.3348304%2C-121.8906186%7C37.3417295%2C-121.8907942%7C37.3492223%2C-121.8934819%7C37.3522459%2C-121.8942416%7C37.3534715%2C-121.8869729%7C37.3535276%2C-121.8870107%7C37.3537127%2C-121.8865278&travelmode=driving,4.0,12,"https://router.project-osrm.org/route/v1/driving/-121.8965668,37.3272118;-121.8985266,37.3358131;-121.8936402,37.3345031;-121.8906186,37.3348304;-121.8907942,37.3417295;-121.8934819,37.3492223;-121.8942416,37.3522459;-121.8869729,37.3534715;-121.8870107,37.3535276;-121.8865278,37.3537127;-121.8872308,37.3546841?overview=false&steps=false&continue_straight=false"
61,601-610,"37.3546841,-121.8872308","37.3642887,-121.8982023",https://www.google.com/maps/dir/?api=1&origin=37.3546841%2C-121.8872308&destination=37.3642887%2C-121.8982023&waypoints=37.3548736%2C-121.8871969%7C37.3550405%2C-121.8882215%7C37.3567281%2C-121.888757%7C37.3568587%2C-121.8926685%7C37.3587568%2C-121.891604%7C37.3588355%2C-121.8909528%7C37.3596677%2C-121.8905587%7C37.3599227%2C-121.8912692%7C37.3609378%2C-121.8951897&travelmode=driving,1.8,6,"https://router.project-osrm.org/route/v1/driving/-121.8872308,37.3546841;-121.8871969,37.3548736;-121.8882215,37.3550405;-121.888757,37.3567281;-121.8926685,37.3568587;-121.891604,37.3587568;-121.8909528,37.3588355;-121.8905587,37.3596677;-121.8912692,37.3599227;-121.8951897,37.3609378;-121.8982023,37.3642887?overview=false&steps=false&continue_straight=false"
62,611-620,"37.3642887,-121.8982023","37.3878559,-121.8874428",https://www.google.com/maps/dir/?api=1&origin=37.3642887%2C-121.8982023&destination=37.3878559%2C-121.8874428&waypoints=37.3665563%2C-121.900002%7C37.3623374%2C-121.9091626%7C37.3652261%2C-121.9087341%7C37.3662584%2C-121.9082727%7C37.3704969%2C-121.909147%7C37.3824102%2C-121.8964234%7C37.383528%2C-121.8930844%7C37.3875695%2C-121.882694%7C37.387088%2C-121.8835804&travelmode=driving,7.5,20,"https://router.project-osrm.org/route/v1/driving/-121.8982023,37.3642887;-121.900002,37.3665563;-121.9091626,37.3623374;-121.9087341,37.3652261;-121.9082727,37.3662584;-121.909147,37.3704969;-121.8964234,37.3824102;-121.8930844,37.383528;-121.882694,37.3875695;-121.8835804,37.387088;-121.8874428,37.3878559?overview=false&steps=false&continue_straight=false"
63,621-630,"37.3878559,-121.8874428","37.5895095,-122.022568",https://www.google.com/maps/dir/?api=1&origin=37.3878559%2C-121.8874428&destination=37.5895095%2C-122.022568&waypoints=37.3966547%2C-121.8900749%7C37.3938194%2C-121.907928%7C37.406634%2C-121.9111343%7C37.4258677%2C-121.977108%7C37.5194605%2C-121.9930008%7C37.5196682%2C-121.9928473%7C37.6220847%2C-122.0569535%7C37.5895003%2C-122.0224559%7C37.5895058%2C-122.0225037&travelmode=driving,36.0,62,"https://router.project-osrm.org/route/v1/driving/-121.8874428,37.3878559;-121.8900749,37.3966547;-121.907928,37.3938194;-121.9111343,37.406634;-121.977108,37.4258677;-121.9930008,37.5194605;-121.9928473,37.5196682;-122.0569535,37.6220847;-122.0224559,37.5895003;-122.0225037,37.5895058;-122.022568,37.5895095?overview=false&steps=false&continue_straight=false"
64,631-640,"37.5895095,-122.022568","37.6626836,-121.8556564",https://www.google.com/maps/dir/?api=1&origin=37.5895095%2C-122.022568&destination=37.6626836%2C-121.8556564&waypoints=37.5893789%2C-122.0226798%7C37.5882248%2C-122.0232838%7C37.5870274%2C-122.0225605%7C37.5862465%2C-122.0192579%7C37.5863598%2C-122.019843%7C37.5864742%2C-122.020239%7C37.5881451%2C-122.019523%7C37.589186%2C-122.0189564%7C37.5940117%2C-121.8867602&travelmode=driving,17.3,37,"https://router.project-osrm.org/route/v1/driving/-122.022568,37.5895095;-122.0226798,37.5893789;-122.0232838,37.5882248;-122.0225605,37.5870274;-122.0192579,37.5862465;-122.019843,37.5863598;-122.020239,37.5864742;-122.019523,37.5881451;-122.0189564,37.589186;-121.8867602,37.5940117;-121.8556564,37.6626836?overview=false&steps=false&continue_straight=false"
65,641-650,"37.6626836,-121.8556564","37.676408,-121.8945691",https://www.google.com/maps/dir/?api=1&origin=37.6626836%2C-121.8556564&destination=37.676408%2C-121.8945691&waypoints=37.6524103%2C-121.8796227%7C37.6523988%2C-121.8795028%7C37.6631403%2C-121.8719401%7C37.6583485%2C-121.876883%7C37.6594979%2C-121.875265%7C37.6612255%2C-121.8751574%7C37.6612493%2C-121.8752853%7C37.6753448%2C-121.8952268%7C37.6753816%2C-121.8952869&travelmode=driving,6.0,20,"https://router.project-osrm.org/route/v1/driving/-121.8556564,37.6626836;-121.8796227,37.6524103;-121.8795028,37.6523988;-121.8719401,37.6631403;-121.876883,37.6583485;-121.875265,37.6594979;-121.8751574,37.6612255;-121.8752853,37.6612493;-121.8952268,37.6753448;-121.8952869,37.6753816;-121.8945691,37.676408?overview=false&steps=false&continue_straight=false"
66,651-660,"37.676408,-121.8945691","37.7015043,-121.9277153",https://www.google.com/maps/dir/?api=1&origin=37.676408%2C-121.8945691&destination=37.7015043%2C-121.9277153&waypoints=37.7053169%2C-121.8817095%7C37.7056541%2C-121.8916072%7C37.7069742%2C-121.9358356%7C37.7046389%2C-121.938438%7C37.704189%2C-121.9381075%7C37.7041184%2C-121.9354628%7C37.7051728%2C-121.935954%7C37.7050287%2C-121.9349109%7C37.7057031%2C-121.9332346&travelmode=driving,10.6,29,"https://router.project-osrm.org/route/v1/driving/-121.8945691,37.676408;-121.8817095,37.7053169;-121.8916072,37.7056541;-121.9358356,37.7069742;-121.938438,37.7046389;-121.9381075,37.704189;-121.9354628,37.7041184;-121.935954,37.7051728;-121.9349109,37.7050287;-121.9332346,37.7057031;-121.9277153,37.7015043?overview=false&steps=false&continue_straight=false"
67,661-670,"37.7015043,-121.9277153","37.7810583,-121.982797",https://www.google.com/maps/dir/?api=1&origin=37.7015043%2C-121.9277153&destination=37.7810583%2C-121.982797&waypoints=37.7015518%2C-121.9275641%7C37.7054962%2C-121.9192716%7C37.7081462%2C-121.924947%7C37.707205%2C-121.928717%7C37.7094553%2C-121.9279124%7C37.7537051%2C-121.9394271%7C37.7715855%2C-121.9466523%7C37.7709618%2C-121.9483418%7C37.780043%2C-121.9724494&travelmode=driving,11.4,32,"https://router.project-osrm.org/route/v1/driving/-121.9277153,37.7015043;-121.9275641,37.7015518;-121.9192716,37.7054962;-121.924947,37.7081462;-121.928717,37.707205;-121.9279124,37.7094553;-121.9394271,37.7537051;-121.9466523,37.7715855;-121.9483418,37.7709618;-121.9724494,37.780043;-121.982797,37.7810583?overview=false&steps=false&continue_straight=false"
68,671-680,"37.7810583,-121.982797","37.8627857,-122.258551",https://www.google.com/maps/dir/?api=1&origin=37.7810583%2C-121.982797&destination=37.8627857%2C-122.258551&waypoints=37.797855%2C-122.1822259%7C37.7998209%2C-122.2165525%7C37.8072947%2C-122.2229527%7C37.801909%2C-122.2313817%7C37.8110254%2C-122.2438127%7C37.8146281%2C-122.2464403%7C37.8276495%2C-122.250582%7C37.8514628%2C-122.2526748%7C37.8578561%2C-122.253006&travelmode=driving,30.4,62,"https://router.project-osrm.org/route/v1/driving/-121.982797,37.7810583;-122.1822259,37.797855;-122.2165525,37.7998209;-122.2229527,37.8072947;-122.2313817,37.801909;-122.2438127,37.8110254;-122.2464403,37.8146281;-122.250582,37.8276495;-122.2526748,37.8514628;-122.253006,37.8578561;-122.258551,37.8627857?overview=false&steps=false&continue_straight=false"
69,681-690,"37.8627857,-122.258551","37.8625467,-122.2675672",https://www.google.com/maps/dir/?api=1&origin=37.8627857%2C-122.258551&destination=37.8625467%2C-122.2675672&waypoints=37.8659616%2C-122.3057441%7C37.8551007%2C-122.2878732%7C37.8653843%2C-122.2912386%7C37.869537%2C-122.290156%7C37.8708414%2C-122.2805343%7C37.8698606%2C-122.27015%7C37.8679812%2C-122.2675422%7C37.867165%2C-122.267459%7C37.8656869%2C-122.2672122&travelmode=driving,9.8,34,"https://router.project-osrm.org/route/v1/driving/-122.258551,37.8627857;-122.3057441,37.8659616;-122.2878732,37.8551007;-122.2912386,37.8653843;-122.290156,37.869537;-122.2805343,37.8708414;-122.27015,37.8698606;-122.2675422,37.8679812;-122.267459,37.867165;-122.2672122,37.8656869;-122.2675672,37.8625467?overview=false&steps=false&continue_straight=false"
70,691-700,"37.8625467,-122.2675672","37.800743,-122.271549",https://www.google.com/maps/dir/?api=1&origin=37.8625467%2C-122.2675672&destination=37.800743%2C-122.271549&waypoints=37.8578991%2C-122.2683848%7C37.8545426%2C-122.2701668%7C37.8365301%2C-122.276067%7C37.835506%2C-122.262282%7C37.8354345%2C-122.2630022%7C37.8296163%2C-122.264826%7C37.8183637%2C-122.2638161%7C37.8049638%2C-122.2679701%7C37.7990886%2C-122.2735311&travelmode=driving,6.6,25,"https://router.project-osrm.org/route/v1/driving/-122.2675672,37.8625467;-122.2683848,37.8578991;-122.2701668,37.8545426;-122.276067,37.8365301;-122.262282,37.835506;-122.2630022,37.8354345;-122.264826,37.8296163;-122.2638161,37.8183637;-122.2679701,37.8049638;-122.2735311,37.7990886;-122.271549,37.800743?overview=false&steps=false&continue_straight=false"
71,701-710,"37.800743,-122.271549","37.760457,-122.2457617",https://www.google.com/maps/dir/?api=1&origin=37.800743%2C-122.271549&destination=37.760457%2C-122.2457617&waypoints=37.7931778%2C-122.2541153%7C37.7837799%2C-122.2654812%7C37.7712538%2C-122.2752157%7C37.7711284%2C-122.2688552%7C37.7703163%2C-122.2617441%7C37.7669839%2C-122.2547529%7C37.767057%2C-122.2542806%7C37.7573775%2C-122.2520118%7C37.7573055%2C-122.2518727&travelmode=driving,9.2,27,"https://router.project-osrm.org/route/v1/driving/-122.271549,37.800743;-122.2541153,37.7931778;-122.2654812,37.7837799;-122.2752157,37.7712538;-122.2688552,37.7711284;-122.2617441,37.7703163;-122.2547529,37.7669839;-122.2542806,37.767057;-122.2520118,37.7573775;-122.2518727,37.7573055;-122.2457617,37.760457?overview=false&steps=false&continue_straight=false"
72,711-720,"37.760457,-122.2457617","37.783014,-122.2209528",https://www.google.com/maps/dir/?api=1&origin=37.760457%2C-122.2457617&destination=37.783014%2C-122.2209528&waypoints=37.7712183%2C-122.2379762%7C37.7691537%2C-122.2328691%7C37.7744024%2C-122.2185588%7C37.7786594%2C-122.2283417%7C37.7766594%2C-122.2242495%7C37.7775365%2C-122.2251773%7C37.7782233%2C-122.2257274%7C37.7791595%2C-122.2248459%7C37.7837452%2C-122.2235807&travelmode=driving,4.8,14,"https://router.project-osrm.org/route/v1/driving/-122.2457617,37.760457;-122.2379762,37.7712183;-122.2328691,37.7691537;-122.2185588,37.7744024;-122.2283417,37.7786594;-122.2242495,37.7766594;-122.2251773,37.7775365;-122.2257274,37.7782233;-122.2248459,37.7791595;-122.2235807,37.7837452;-122.2209528,37.783014?overview=false&steps=false&continue_straight=false"
73,721-730,"37.783014,-122.2209528","37.7241908,-122.1566552",https://www.google.com/maps/dir/?api=1&origin=37.783014%2C-122.2209528&destination=37.7241908%2C-122.1566552&waypoints=37.7817092%2C-122.2192146%7C37.7797859%2C-122.2171546%7C37.7789127%2C-122.217122%7C37.778532%2C-122.2157332%7C37.7805817%2C-122.2058298%7C37.7746876%2C-122.1810558%7C37.6985223%2C-122.1757086%7C37.704167%2C-122.1805447%7C37.7260268%2C-122.1512049&travelmode=driving,14.1,32,"https://router.project-osrm.org/route/v1/driving/-122.2209528,37.783014;-122.2192146,37.7817092;-122.2171546,37.7797859;-122.217122,37.7789127;-122.2157332,37.778532;-122.2058298,37.7805817;-122.1810558,37.7746876;-122.1757086,37.6985223;-122.1805447,37.704167;-122.1512049,37.7260268;-122.1566552,37.7241908?overview=false&steps=false&continue_straight=false"
74,731-740,"37.7241908,-122.1566552","37.6725318,-122.0867042",https://www.google.com/maps/dir/?api=1&origin=37.7241908%2C-122.1566552&destination=37.6725318%2C-122.0867042&waypoints=37.7230971%2C-122.153768%7C37.7226579%2C-122.1546246%7C37.7227014%2C-122.1545143%7C37.7223355%2C-122.1540734%7C37.7212397%2C-122.1537736%7C37.7211487%2C-122.1502667%7C37.7014906%2C-122.1404355%7C37.6951816%2C-122.0786144%7C37.6734577%2C-122.0851009&travelmode=driving,10.2,25,"https://router.project-osrm.org/route/v1/driving/-122.1566552,37.7241908;-122.153768,37.7230971;-122.1546246,37.7226579;-122.1545143,37.7227014;-122.1540734,37.7223355;-122.1537736,37.7212397;-122.1502667,37.7211487;-122.1404355,37.7014906;-122.0786144,37.6951816;-122.0851009,37.6734577;-122.0867042,37.6725318?overview=false&steps=false&continue_straight=false"
75,741-750,"37.6725318,-122.0867042","37.5965983,-122.0768421",https://www.google.com/maps/dir/?api=1&origin=37.6725318%2C-122.0867042&destination=37.5965983%2C-122.0768421&waypoints=37.6686583%2C-122.1213788%7C37.6506278%2C-122.1092341%7C37.6296653%2C-122.0972133%7C37.6140307%2C-122.0878936%7C37.6029352%2C-122.0676295%7C37.6017498%2C-122.0695117%7C37.5963827%2C-122.0791766%7C37.5963815%2C-122.0790784%7C37.5963758%2C-122.0780089&travelmode=driving,10.6,30,"https://router.project-osrm.org/route/v1/driving/-122.0867042,37.6725318;-122.1213788,37.6686583;-122.1092341,37.6506278;-122.0972133,37.6296653;-122.0878936,37.6140307;-122.0676295,37.6029352;-122.0695117,37.6017498;-122.0791766,37.5963827;-122.0790784,37.5963815;-122.0780089,37.5963758;-122.0768421,37.5965983?overview=false&steps=false&continue_straight=false"
76,751-760,"37.5965983,-122.0768421","37.5493611,-122.0496579",https://www.google.com/maps/dir/?api=1&origin=37.5965983%2C-122.0768421&destination=37.5493611%2C-122.0496579&waypoints=37.5916887%2C-122.0711248%7C37.590001%2C-122.0712802%7C37.5905314%2C-122.0701215%7C37.5909645%2C-122.0694908%7C37.5902699%2C-122.0685819%7C37.590238%2C-122.0685202%7C37.5899952%2C-122.0680592%7C37.589903%2C-122.0679018%7C37.5516393%2C-122.0504855&travelmode=driving,6.4,18,"https://router.project-osrm.org/route/v1/driving/-122.0768421,37.5965983;-122.0711248,37.5916887;-122.0712802,37.590001;-122.0701215,37.5905314;-122.0694908,37.5909645;-122.0685819,37.5902699;-122.0685202,37.590238;-122.0680592,37.5899952;-122.0679018,37.589903;-122.0504855,37.5516393;-122.0496579,37.5493611?overview=false&steps=false&continue_straight=false"
77,761-770,"37.5493611,-122.0496579","37.5441873,-121.9830684",https://www.google.com/maps/dir/?api=1&origin=37.5493611%2C-122.0496579&destination=37.5441873%2C-121.9830684&waypoints=37.5486423%2C-122.0491187%7C37.5385148%2C-122.0336498%7C37.5407087%2C-122.016053%7C37.5612165%2C-122.0121893%7C37.576951%2C-121.9796515%7C37.5539316%2C-121.9810652%7C37.553983%2C-121.9797201%7C37.550191%2C-121.9799585%7C37.546379%2C-121.9830855&travelmode=driving,12.4,33,"https://router.project-osrm.org/route/v1/driving/-122.0496579,37.5493611;-122.0491187,37.5486423;-122.0336498,37.5385148;-122.016053,37.5407087;-122.0121893,37.5612165;-121.9796515,37.576951;-121.9810652,37.5539316;-121.9797201,37.553983;-121.9799585,37.550191;-121.9830855,37.546379;-121.9830684,37.5441873?overview=false&steps=false&continue_straight=false"
78,771-780,"37.5441873,-121.9830684","37.4932348,-121.9298215",https://www.google.com/maps/dir/?api=1&origin=37.5441873%2C-121.9830684&destination=37.4932348%2C-121.9298215&waypoints=37.5437148%2C-121.9821085%7C37.5439189%2C-121.9817926%7C37.5298476%2C-121.9590791%7C37.5298151%2C-121.9590742%7C37.5106933%2C-121.9630857%7C37.5104319%2C-121.9629187%7C37.4965574%2C-121.9360176%7C37.4915589%2C-121.9268535%7C37.4937411%2C-121.9301066&travelmode=driving,8.3,23,"https://router.project-osrm.org/route/v1/driving/-121.9830684,37.5441873;-121.9821085,37.5437148;-121.9817926,37.5439189;-121.9590791,37.5298476;-121.9590742,37.5298151;-121.9630857,37.5106933;-121.9629187,37.5104319;-121.9360176,37.4965574;-121.9268535,37.4915589;-121.9301066,37.4937411;-121.9298215,37.4932348?overview=false&steps=false&continue_straight=false"
79,781-790,"37.4932348,-121.9298215","37.4520861,-121.9098077",https://www.google.com/maps/dir/?api=1&origin=37.4932348%2C-121.9298215&destination=37.4520861%2C-121.9098077&waypoints=37.4925177%2C-121.9298388%7C37.4921305%2C-121.9289111%7C37.4883765%2C-121.9297345%7C37.4574623%2C-121.9102595%7C37.4572117%2C-121.9101154%7C37.4571765%2C-121.9102052%7C37.4568434%2C-121.910441%7C37.4555174%2C-121.9117316%7C37.4552339%2C-121.9116616&travelmode=driving,3.9,12,"https://router.project-osrm.org/route/v1/driving/-121.9298215,37.4932348;-121.9298388,37.4925177;-121.9289111,37.4921305;-121.9297345,37.4883765;-121.9102595,37.4574623;-121.9101154,37.4572117;-121.9102052,37.4571765;-121.910441,37.4568434;-121.9117316,37.4555174;-121.9116616,37.4552339;-121.9098077,37.4520861?overview=false&steps=false&continue_straight=false"
80,791-800,"37.4520861,-121.9098077","37.436142,-121.8851031",https://www.google.com/maps/dir/?api=1&origin=37.4520861%2C-121.9098077&destination=37.436142%2C-121.8851031&waypoints=37.452008%2C-121.9097893%7C37.4518367%2C-121.9097692%7C37.4466264%2C-121.903202%7C37.447655%2C-121.9020691%7C37.4482166%2C-121.8881902%7C37.44835%2C-121.8868006%7C37.4345944%2C-121.8824685%7C37.4364267%2C-121.8841797%7C37.4361685%2C-121.884971&travelmode=driving,3.7,12,"https://router.project-osrm.org/route/v1/driving/-121.9098077,37.4520861;-121.9097893,37.452008;-121.9097692,37.4518367;-121.903202,37.4466264;-121.9020691,37.447655;-121.8881902,37.4482166;-121.8868006,37.44835;-121.8824685,37.4345944;-121.8841797,37.4364267;-121.884971,37.4361685;-121.8851031,37.436142?overview=false&steps=false&continue_straight=false"
81,801-810,"37.436142,-121.8851031","37.4359738,-121.910017",https://www.google.com/maps/dir/?api=1&origin=37.436142%2C-121.8851031&destination=37.4359738%2C-121.910017&waypoints=37.435727%2C-121.885865%7C37.4351284%2C-121.8852112%7C37.4347948%2C-121.8843954%7C37.4347218%2C-121.8843805%7C37.4340336%2C-121.8841183%7C37.4332715%2C-121.8854878%7C37.4330837%2C-121.8928431%7C37.4335096%2C-121.897602%7C37.4347354%2C-121.9022598&travelmode=driving,3.8,13,"https://router.project-osrm.org/route/v1/driving/-121.8851031,37.436142;-121.885865,37.435727;-121.8852112,37.4351284;-121.8843954,37.4347948;-121.8843805,37.4347218;-121.8841183,37.4340336;-121.8854878,37.4332715;-121.8928431,37.4330837;-121.897602,37.4335096;-121.9022598,37.4347354;-121.910017,37.4359738?overview=false&steps=false&continue_straight=false"
82,811-820,"37.4359738,-121.910017","37.4271148,-121.9141391",https://www.google.com/maps/dir/?api=1&origin=37.4359738%2C-121.910017&destination=37.4271148%2C-121.9141391&waypoints=37.4331432%2C-121.9091582%7C37.432941%2C-121.9091296%7C37.4292881%2C-121.9076293%7C37.4283212%2C-121.9079586%7C37.4269844%2C-121.9079129%7C37.4264233%2C-121.9099469%7C37.4282425%2C-121.9114361%7C37.4281245%2C-121.9113953%7C37.4278862%2C-121.9113279&travelmode=driving,1.7,9,"https://router.project-osrm.org/route/v1/driving/-121.910017,37.4359738;-121.9091582,37.4331432;-121.9091296,37.432941;-121.9076293,37.4292881;-121.9079586,37.4283212;-121.9079129,37.4269844;-121.9099469,37.4264233;-121.9114361,37.4282425;-121.9113953,37.4281245;-121.9113279,37.4278862;-121.9141391,37.4271148?overview=false&steps=false&continue_straight=false"
83,821-830,"37.4271148,-121.9141391","37.4035758,-122.0092092",https://www.google.com/maps/dir/?api=1&origin=37.4271148%2C-121.9141391&destination=37.4035758%2C-122.0092092&waypoints=37.4270268%2C-121.9141035%7C37.4236137%2C-121.9175272%7C37.4231593%2C-121.9171958%7C37.4220411%2C-121.9165033%7C37.4190836%2C-121.9158953%7C37.4107334%2C-121.9456979%7C37.3946434%2C-121.9455169%7C37.3881195%2C-121.9533071%7C37.3930896%2C-121.9774333&travelmode=driving,12.0,29,"https://router.project-osrm.org/route/v1/driving/-121.9141391,37.4271148;-121.9141035,37.4270268;-121.9175272,37.4236137;-121.9171958,37.4231593;-121.9165033,37.4220411;-121.9158953,37.4190836;-121.9456979,37.4107334;-121.9455169,37.3946434;-121.9533071,37.3881195;-121.9774333,37.3930896;-122.0092092,37.4035758?overview=false&steps=false&continue_straight=false"
84,831-840,"37.4035758,-122.0092092","37.3674643,-122.022834",https://www.google.com/maps/dir/?api=1&origin=37.4035758%2C-122.0092092&destination=37.3674643%2C-122.022834&waypoints=37.3977738%2C-121.9969354%7C37.3976314%2C-121.996937%7C37.3844782%2C-121.9952129%7C37.3892944%2C-122.003263%7C37.3890294%2C-122.0297107%7C37.3882342%2C-122.029846%7C37.3784632%2C-122.0285382%7C37.3762198%2C-122.0145234%7C37.3662725%2C-122.0162071&travelmode=driving,8.6,27,"https://router.project-osrm.org/route/v1/driving/-122.0092092,37.4035758;-121.9969354,37.3977738;-121.996937,37.3976314;-121.9952129,37.3844782;-122.003263,37.3892944;-122.0297107,37.3890294;-122.029846,37.3882342;-122.0285382,37.3784632;-122.0145234,37.3762198;-122.0162071,37.3662725;-122.022834,37.3674643?overview=false&steps=false&continue_straight=false"
85,841-850,"37.3674643,-122.022834","37.3801815,-122.117686",https://www.google.com/maps/dir/?api=1&origin=37.3674643%2C-122.022834&destination=37.3801815%2C-122.117686&waypoints=37.3676545%2C-122.0336194%7C37.3713016%2C-122.0358532%7C37.3722551%2C-122.0524511%7C37.3742442%2C-122.0547987%7C37.3755807%2C-122.0621232%7C37.3797655%2C-122.0728681%7C37.3833064%2C-122.0782631%7C37.3606343%2C-122.1285506%7C37.3756185%2C-122.1157108&travelmode=driving,11.9,34,"https://router.project-osrm.org/route/v1/driving/-122.022834,37.3674643;-122.0336194,37.3676545;-122.0358532,37.3713016;-122.0524511,37.3722551;-122.0547987,37.3742442;-122.0621232,37.3755807;-122.0728681,37.3797655;-122.0782631,37.3833064;-122.1285506,37.3606343;-122.1157108,37.3756185;-122.117686,37.3801815?overview=false&steps=false&continue_straight=false"
86,851-860,"37.3801815,-122.117686","37.4187992,-122.1090486",https://www.google.com/maps/dir/?api=1&origin=37.3801815%2C-122.117686&destination=37.4187992%2C-122.1090486&waypoints=37.3778643%2C-122.1173283%7C37.3779255%2C-122.117236%7C37.3789399%2C-122.1170255%7C37.3796578%2C-122.116662%7C37.3797806%2C-122.1165733%7C37.379377%2C-122.1153299%7C37.3792917%2C-122.1148782%7C37.3798617%2C-122.1146304%7C37.3803655%2C-122.1145725&travelmode=driving,4.4,13,"https://router.project-osrm.org/route/v1/driving/-122.117686,37.3801815;-122.1173283,37.3778643;-122.117236,37.3779255;-122.1170255,37.3789399;-122.116662,37.3796578;-122.1165733,37.3797806;-122.1153299,37.379377;-122.1148782,37.3792917;-122.1146304,37.3798617;-122.1145725,37.3803655;-122.1090486,37.4187992?overview=false&steps=false&continue_straight=false"
87,861-870,"37.4187992,-122.1090486","37.394492,-122.0787802",https://www.google.com/maps/dir/?api=1&origin=37.4187992%2C-122.1090486&destination=37.394492%2C-122.0787802&waypoints=37.4201274%2C-122.0960185%7C37.4192939%2C-122.0957829%7C37.4155817%2C-122.1009831%7C37.4150551%2C-122.0968379%7C37.4107653%2C-122.0939369%7C37.4107371%2C-122.0938597%7C37.410709%2C-122.0937824%7C37.4025028%2C-122.0797345%7C37.3981102%2C-122.075364&travelmode=driving,6.3,21,"https://router.project-osrm.org/route/v1/driving/-122.1090486,37.4187992;-122.0960185,37.4201274;-122.0957829,37.4192939;-122.1009831,37.4155817;-122.0968379,37.4150551;-122.0939369,37.4107653;-122.0938597,37.4107371;-122.0937824,37.410709;-122.0797345,37.4025028;-122.075364,37.3981102;-122.0787802,37.394492?overview=false&steps=false&continue_straight=false"
88,871-880,"37.394492,-122.0787802","37.3999365,-122.1140227",https://www.google.com/maps/dir/?api=1&origin=37.394492%2C-122.0787802&destination=37.3999365%2C-122.1140227&waypoints=37.393586%2C-122.078113%7C37.3931001%2C-122.0792217%7C37.3937487%2C-122.0792998%7C37.3939275%2C-122.07972%7C37.3939064%2C-122.0796563%7C37.3935352%2C-122.0797536%7C37.392923%2C-122.080372%7C37.3939787%2C-122.0954888%7C37.4002146%2C-122.1087141&travelmode=driving,3.5,13,"https://router.project-osrm.org/route/v1/driving/-122.0787802,37.394492;-122.078113,37.393586;-122.0792217,37.3931001;-122.0792998,37.3937487;-122.07972,37.3939275;-122.0796563,37.3939064;-122.0797536,37.3935352;-122.080372,37.392923;-122.0954888,37.3939787;-122.1087141,37.4002146;-122.1140227,37.3999365?overview=false&steps=false&continue_straight=false"
89,881-890,"37.3999365,-122.1140227","37.4204154,-122.1464428",https://www.google.com/maps/dir/?api=1&origin=37.3999365%2C-122.1140227&destination=37.4204154%2C-122.1464428&waypoints=37.4013322%2C-122.1147054%7C37.401286%2C-122.114565%7C37.4024283%2C-122.1116008%7C37.404492%2C-122.1119227%7C37.40756%2C-122.120546%7C37.4111971%2C-122.1236951%7C37.4138956%2C-122.1247961%7C37.4186176%2C-122.1327911%7C37.4186269%2C-122.1344927&travelmode=driving,3.9,14,"https://router.project-osrm.org/route/v1/driving/-122.1140227,37.3999365;-122.1147054,37.4013322;-122.114565,37.401286;-122.1116008,37.4024283;-122.1119227,37.404492;-122.120546,37.40756;-122.1236951,37.4111971;-122.1247961,37.4138956;-122.1327911,37.4186176;-122.1344927,37.4186269;-122.1464428,37.4204154?overview=false&steps=false&continue_straight=false"
90,891-900,"37.4204154,-122.1464428","37.464557,-122.1572963",https://www.google.com/maps/dir/?api=1&origin=37.4204154%2C-122.1464428&destination=37.464557%2C-122.1572963&waypoints=37.4265506%2C-122.1461993%7C37.4256918%2C-122.145142%7C37.426594%2C-122.1448665%7C37.427858%2C-122.1442605%7C37.4284054%2C-122.1427237%7C37.4802142%2C-122.1512528%7C37.4799481%2C-122.1520657%7C37.4656294%2C-122.1568916%7C37.4655233%2C-122.1569261&travelmode=driving,10.0,28,"https://router.project-osrm.org/route/v1/driving/-122.1464428,37.4204154;-122.1461993,37.4265506;-122.145142,37.4256918;-122.1448665,37.426594;-122.1442605,37.427858;-122.1427237,37.4284054;-122.1512528,37.4802142;-122.1520657,37.4799481;-122.1568916,37.4656294;-122.1569261,37.4655233;-122.1572963,37.464557?overview=false&steps=false&continue_straight=false"
91,901-910,"37.464557,-122.1572963","37.4866271,-122.2230703",https://www.google.com/maps/dir/?api=1&origin=37.464557%2C-122.1572963&destination=37.4866271%2C-122.2230703&waypoints=37.4644389%2C-122.1572402%7C37.4639824%2C-122.1574795%7C37.4486727%2C-122.1586841%7C37.4473857%2C-122.1605248%7C37.4505488%2C-122.1849348%7C37.4526467%2C-122.183912%7C37.453227%2C-122.183071%7C37.4539281%2C-122.1840782%7C37.4556575%2C-122.1827558&travelmode=driving,8.7,27,"https://router.project-osrm.org/route/v1/driving/-122.1572963,37.464557;-122.1572402,37.4644389;-122.1574795,37.4639824;-122.1586841,37.4486727;-122.1605248,37.4473857;-122.1849348,37.4505488;-122.183912,37.4526467;-122.183071,37.453227;-122.1840782,37.4539281;-122.1827558,37.4556575;-122.2230703,37.4866271?overview=false&steps=false&continue_straight=false"
92,911-920,"37.4866271,-122.2230703","37.470749,-122.2236866",https://www.google.com/maps/dir/?api=1&origin=37.4866271%2C-122.2230703&destination=37.470749%2C-122.2236866&waypoints=37.4633229%2C-122.2251845%7C37.4659991%2C-122.2246809%7C37.4661369%2C-122.2244778%7C37.4662606%2C-122.2244513%7C37.4669942%2C-122.2244339%7C37.4670833%2C-122.2244084%7C37.4673473%2C-122.2244701%7C37.4676133%2C-122.2246173%7C37.4676025%2C-122.2245382&travelmode=driving,4.8,16,"https://router.project-osrm.org/route/v1/driving/-122.2230703,37.4866271;-122.2251845,37.4633229;-122.2246809,37.4659991;-122.2244778,37.4661369;-122.2244513,37.4662606;-122.2244339,37.4669942;-122.2244084,37.4670833;-122.2244701,37.4673473;-122.2246173,37.4676133;-122.2245382,37.4676025;-122.2236866,37.470749?overview=false&steps=false&continue_straight=false"
93,921-930,"37.470749,-122.2236866","37.4724644,-122.2047728",https://www.google.com/maps/dir/?api=1&origin=37.470749%2C-122.2236866&destination=37.4724644%2C-122.2047728&waypoints=37.4694471%2C-122.2231815%7C37.4693707%2C-122.2230203%7C37.4692991%2C-122.2229662%7C37.476562%2C-122.2022942%7C37.4707622%2C-122.2032641%7C37.4710044%2C-122.2034196%7C37.471779%2C-122.2037044%7C37.4718197%2C-122.2037964%7C37.4720746%2C-122.204196&travelmode=driving,4.0,14,"https://router.project-osrm.org/route/v1/driving/-122.2236866,37.470749;-122.2231815,37.4694471;-122.2230203,37.4693707;-122.2229662,37.4692991;-122.2022942,37.476562;-122.2032641,37.4707622;-122.2034196,37.4710044;-122.2037044,37.471779;-122.2037964,37.4718197;-122.204196,37.4720746;-122.2047728,37.4724644?overview=false&steps=false&continue_straight=false"
94,931-940,"37.4724644,-122.2047728","37.4740504,-122.2070934",https://www.google.com/maps/dir/?api=1&origin=37.4724644%2C-122.2047728&destination=37.4740504%2C-122.2070934&waypoints=37.4724332%2C-122.2047368%7C37.4720977%2C-122.2047769%7C37.4721282%2C-122.2048286%7C37.4722376%2C-122.2051089%7C37.472291%2C-122.2054157%7C37.472666%2C-122.205629%7C37.4726888%2C-122.2056636%7C37.4732217%2C-122.2064737%7C37.4740362%2C-122.2069643&travelmode=driving,0.3,1,"https://router.project-osrm.org/route/v1/driving/-122.2047728,37.4724644;-122.2047368,37.4724332;-122.2047769,37.4720977;-122.2048286,37.4721282;-122.2051089,37.4722376;-122.2054157,37.472291;-122.205629,37.472666;-122.2056636,37.4726888;-122.2064737,37.4732217;-122.2069643,37.4740362;-122.2070934,37.4740504?overview=false&steps=false&continue_straight=false"
95,941-950,"37.4740504,-122.2070934","37.4761014,-122.2094397",https://www.google.com/maps/dir/?api=1&origin=37.4740504%2C-122.2070934&destination=37.4761014%2C-122.2094397&waypoints=37.4746255%2C-122.2077953%7C37.4759451%2C-122.2077309%7C37.4788573%2C-122.2142966%7C37.4785552%2C-122.2136528%7C37.4777095%2C-122.212675%7C37.4774412%2C-122.2116893%7C37.4774334%2C-122.2122301%7C37.4769291%2C-122.2122673%7C37.4758298%2C-122.2106267&travelmode=driving,1.4,5,"https://router.project-osrm.org/route/v1/driving/-122.2070934,37.4740504;-122.2077953,37.4746255;-122.2077309,37.4759451;-122.2142966,37.4788573;-122.2136528,37.4785552;-122.212675,37.4777095;-122.2116893,37.4774412;-122.2122301,37.4774334;-122.2122673,37.4769291;-122.2106267,37.4758298;-122.2094397,37.4761014?overview=false&steps=false&continue_straight=false"
96,951-960,"37.4761014,-122.2094397","37.4737972,-122.2184822",https://www.google.com/maps/dir/?api=1&origin=37.4761014%2C-122.2094397&destination=37.4737972%2C-122.2184822&waypoints=37.4758865%2C-122.2096118%7C37.4753635%2C-122.2098805%7C37.4710557%2C-122.2140306%7C37.4711987%2C-122.2141736%7C37.4726102%2C-122.2161635%7C37.4727047%2C-122.2162915%7C37.4731251%2C-122.2168444%7C37.4734165%2C-122.2183761%7C37.4737608%2C-122.2184261&travelmode=driving,2.1,7,"https://router.project-osrm.org/route/v1/driving/-122.2094397,37.4761014;-122.2096118,37.4758865;-122.2098805,37.4753635;-122.2140306,37.4710557;-122.2141736,37.4711987;-122.2161635,37.4726102;-122.2162915,37.4727047;-122.2168444,37.4731251;-122.2183761,37.4734165;-122.2184261,37.4737608;-122.2184822,37.4737972?overview=false&steps=false&continue_straight=false"
97,961-970,"37.4737972,-122.2184822","37.474742,-122.2208269",https://www.google.com/maps/dir/?api=1&origin=37.4737972%2C-122.2184822&destination=37.474742%2C-122.2208269&waypoints=37.4738263%2C-122.2186298%7C37.4757698%2C-122.2190826%7C37.4757915%2C-122.2198862%7C37.4757369%2C-122.2198722%7C37.47565%2C-122.2196652%7C37.475409%2C-122.2198823%7C37.4752084%2C-122.219564%7C37.4752597%2C-122.219768%7C37.4752996%2C-122.2198914&travelmode=driving,1.3,5,"https://router.project-osrm.org/route/v1/driving/-122.2184822,37.4737972;-122.2186298,37.4738263;-122.2190826,37.4757698;-122.2198862,37.4757915;-122.2198722,37.4757369;-122.2196652,37.47565;-122.2198823,37.475409;-122.219564,37.4752084;-122.219768,37.4752597;-122.2198914,37.4752996;-122.2208269,37.474742?overview=false&steps=false&continue_straight=false"
98,971-980,"37.474742,-122.2208269","37.4803909,-122.2275832",https://www.google.com/maps/dir/?api=1&origin=37.474742%2C-122.2208269&destination=37.4803909%2C-122.2275832&waypoints=37.4770329%2C-122.2236738%7C37.478726%2C-122.2239677%7C37.4786645%2C-122.2243508%7C37.4781701%2C-122.224505%7C37.4783191%2C-122.2247594%7C37.478735%2C-122.2253266%7C37.4788268%2C-122.2254525%7C37.4788754%2C-122.2255138%7C37.479336%2C-122.2264417&travelmode=driving,3.2,12,"https://router.project-osrm.org/route/v1/driving/-122.2208269,37.474742;-122.2236738,37.4770329;-122.2239677,37.478726;-122.2243508,37.4786645;-122.224505,37.4781701;-122.2247594,37.4783191;-122.2253266,37.478735;-122.2254525,37.4788268;-122.2255138,37.4788754;-122.2264417,37.479336;-122.2275832,37.4803909?overview=false&steps=false&continue_straight=false"
99,981-990,"37.4803909,-122.2275832","37.4864001,-122.2339483",https://www.google.com/maps/dir/?api=1&origin=37.4803909%2C-122.2275832&destination=37.4864001%2C-122.2339483&waypoints=37.4809739%2C-122.228411%7C37.4810327%2C-122.2286858%7C37.4812201%2C-122.2287315%7C37.4815156%2C-122.2291499%7C37.4851048%2C-122.230973%7C37.4862974%2C-122.2304063%7C37.4862972%2C-122.2305278%7C37.4862921%2C-122.2306758%7C37.4865188%2C-122.2337418&travelmode=driving,1.9,8,"https://router.project-osrm.org/route/v1/driving/-122.2275832,37.4803909;-122.228411,37.4809739;-122.2286858,37.4810327;-122.2287315,37.4812201;-122.2291499,37.4815156;-122.230973,37.4851048;-122.2304063,37.4862974;-122.2305278,37.4862972;-122.2306758,37.4862921;-122.2337418,37.4865188;-122.2339483,37.4864001?overview=false&steps=false&continue_straight=false"
100,991-1000,"37.4864001,-122.2339483","37.1568207,-122.3483225",https://www.google.com/maps/dir/?api=1&origin=37.4864001%2C-122.2339483&destination=37.1568207%2C-122.3483225&waypoints=37.4861186%2C-122.2340908%7C37.4861176%2C-122.2341329%7C37.4862837%2C-122.2361837%7C37.4870481%2C-122.2355753%7C37.4915784%2C-122.2392543%7C37.4980162%2C-122.2497378%7C37.5040478%2C-122.2585285%7C37.2522596%2C-122.3832449%7C37.251847%2C-122.3832123&travelmode=driving,45.2,78,"https://router.project-osrm.org/route/v1/driving/-122.2339483,37.4864001;-122.2340908,37.4861186;-122.2341329,37.4861176;-122.2361837,37.4862837;-122.2355753,37.4870481;-122.2392543,37.4915784;-122.2497378,37.4980162;-122.2585285,37.5040478;-122.3832449,37.2522596;-122.3832123,37.251847;-122.3483225,37.1568207?overview=false&steps=false&continue_straight=false"
